rating,date,content,visit_time,reservation,wait_time
5,2026년 7월 22일 수요일,"요즘 인스타에서 난리난 초코바게트부터 말차튀소, 고로케까지 모두 남아있었어요🥖평일 오후 6시쯤 왔더니 10분 웨이팅하고 입장 대기줄에 선풍기도 설치되어 있어 쾌적하게 기다리다가 들어갔어요🥹임산부분은 산모수첩 들고오시면 바로 입장 가능하세요👍🏻 내부는 혼잡하지만 별도 줄이 없기 때문에 드시고 싶은것만 고르시고 나오시면 빨리 나올 수 있으세요🩷70년 역사가 숨쉬는 정통 베이커리 성지답게 동네빵집에서는 못보는 이색적인 빵이많아요💕성심당이 처음이시라면 튀김소보로, 튀소구마,작은메아리, 카카오순정, 명란바게트는 꼭 사보세요🔥오랫동안 베스트샐러인 메뉴는 이유가있더라고요😊대전여행 오셨으면 성심당을 첫번째로 방문 추천드려요‼️오전은 사람도 적고 빵 종류도 많은데 주변 빵 냉장고 가게가 많아요 주차도 가능해요🚙",저녁에 방문,예약 없이 이용,30분 이내
5,2026년 7월 22일 수요일,맛있어요,아침에 방문,예약 없이 이용,바로 입장
4,2026년 7월 21일 화요일,말차튀소 맛있어요,점심에 방문,예약 없이 이용,10분 이내
0.5,2026년 7월 21일 화요일,샌드위치 정거장 직원분께 직원분께 빵 나오는것에 대해 반복 물었는데 다 들으셨으면서 잠깐만요 하고 직원들끼리 일 관련 말만 하고 결국엔 저한텐 대답을 안해요다시 가서 또 물어서 대답 들었지만 정말 불친절서울인데 요즘 빵 맛있는곳 천지라 이렇게 와서 굳이 ㅠ보통 먼길 와서 줄 서서 사는데 친절하진 않더라도 묻는 말에 대답은 해줬으면 합니다샌드위치정거장 영수증이 없어져서 여기에 남기네요,점심에 방문,예약 없이 이용,바로 입장
5,2026년 7월 21일 화요일,이 사진은 크리미튀소.원픽은...김치찹쌀주먹밥 2500..사진...없다.마구마구~먹어서 사진 없네.,점심에 방문,예약 없이 이용,10분 이내
5,2026년 7월 21일 화요일,시루때매 오히려 본점이 줄이 텅텅이라 이건 좋네요,아침에 방문,예약 없이 이용,바로 입장
5,2026년 7월 21일 화요일,평일아침에 오픈시간맞춰갔더니 웨이팅 없었어요,아침에 방문,예약 없이 이용,바로 입장
5,2026년 7월 20일 월요일,운좋게 웨이팅 없이 바로입장할수있었어요~ 빵 역시 맛있었습니다.,저녁에 방문,예약 없이 이용,바로 입장
5,2026년 7월 20일 월요일,굿,점심에 방문,예약 없이 이용,바로 입장
5,2026년 7월 20일 월요일,"말해 뭐해, 맛과 가격 모두 완벽한 대한민국 갓성비 탑 성심당!🎂​대전 오면 무조건 들러야 하는 명불허전 성심당입니다. 요즘 같은 물가에 이 정도 퀄리티의 빵을 이 가격에 만날 수 있다는 게 그저 감사할 따름이에요. 시그니처인 튀김소보로와 부추빵은 변함없이 바삭하고 고소해서 손이 계속 가고, 계절마다 나오는 과일 시루 시리즈나 촉촉한 명란바게트까지 어느 것 하나 빠지는 메뉴가 없습니다. 제품 종류가 워낙 다채로워 취향껏 고르는 재미가 있고, 매장 회전율이 빨라 갓 나온 따끈한 빵을 바로 맛볼 수 있는 점도 대만족입니다~😊 푸짐하게 담아도 부담 없는 가격 덕분에 나올 때는 늘 양손 가득 행복해지네요. 맛, 친절, 갓성비까지 모든 것이 완벽해 언제 방문해도 기분 좋은 대전 최고의 명소입니다!👍🍞",점심에 방문,예약 없이 이용,10분 이내
5,2026년 7월 20일 월요일,월요일 11시쯤에 대기 없이 들어왔습니다 :)롤은 종류별로 하나씩 구매 가능 했고안냥크레페 케이크 구매했습니다 :)복잡한 와중에도 직원분들 친절해주셨어요,점심에 방문,예약 없이 이용,바로 입장
5,2026년 7월 19일 일요일,전국최고의 빵집👍👍,저녁에 방문,예약 없이 이용,바로 입장
5,2026년 7월 19일 일요일,"대한민국 샌드위치 1등이 대전 성심당 샌드위치정거장 아닐까.맛, 모양, 가격까지 어느 것 하나 나무랄데가 없는 곳!처음 먹는 사람은 있어도 한번만 먹는 사람은 없을 것 같다.",점심에 방문,예약 없이 이용,바로 입장
4,2026년 7월 19일 일요일,굿굿,점심에 방문,예약 없이 이용,30분 이내
5,2026년 7월 19일 일요일,진짜진짜 오랜만에 노잼도시 대전에 갔는데이미 성심당 하나로도 유잼이라는 ㅋㅋㅋ튀소랑 프렌치파이랑 요거저거 많이 사왔어요 ㅋㅋ,점심에 방문,예약 없이 이용,10분 이내
4.5,2026년 7월 19일 일요일,유일하게  줄서는게 아깝지 않은곳,점심에 방문,예약 없이 이용,10분 이내
5,2026년 7월 19일 일요일,7월19일 일요일 방문. 웨이팅 시간 5분??!! 오늘 왜 줄이 없지? 오전에 방문해서 그런가? 비가 온다고 해서 그런가? 더울까봐 그런건가? 오늘 비도 안오고 날씨도 선선하고 좋은데 오늘 눈치게임을 잘한 것같다는 느낌이 들었다.,점심에 방문,예약 없이 이용,10분 이내
4,2026년 7월 19일 일요일,주말에도 빵집은 오전에 가면 줄이 안길어요대신 케익부띠끄는 좀 힘드네요..ㅋㅋ,아침에 방문,예약 없이 이용,10분 이내
5,2026년 7월 18일 토요일,아주좋아요 만족합니다,저녁에 방문,예약 없이 이용,바로 입장
5,2026년 7월 18일 토요일,아주좋아요 만족합니다,저녁에 방문,예약 없이 이용,바로 입장
5,2026년 7월 18일 토요일,웨이팅 없이 바로 구매할수있어서 샌드위치 정거장 가기 좋습니다.루꼴라들어간제품이 좋아요 ~,저녁에 방문,예약 없이 이용,바로 입장
5,2026년 7월 18일 토요일,명불허전,점심에 방문,예약 없이 이용,10분 이내
3,2026년 7월 18일 토요일,빵은  맛있는대  기다리기  너무  힘드네요처음  대전  투어  해봤네요,점심에 방문,,30분 이상
5,2026년 7월 17일 금요일,성심당 본점 갈때마다 줄이 넘 길지만 케익부띠끄 최고 롤 너무 맛나여 ㅠ,저녁에 방문,예약 없이 이용,30분 이상
4,2026년 7월 17일 금요일,"대전의 최고 명물ㅡ빵도,기업마인드도 좋은 대표 빵집ᆢ친구는 웨이팅하고,나는 넘더워서 옆 성심당 문화원에서 달달구리 망고 스무디 한잔ㅋㅋ굿즈들도 많고 잠깐 쉬어갈수 있어 좋아요^~",점심에 방문,예약 없이 이용,30분 이내
4,2026년 7월 17일 금요일,성심당 본점은 줄이 정말 길어서 샌드위치 먹었어요. 샌드위치는 바로 입장할 수 있었고 순환도 빠른편이었는데 생각보다 종류가 많지 않았습니다. 성심당문화원에서 시식할 수 있어서 샌드위치 먹었는데 자리 잡기가 쉽지 않았어요. 블루베리 시루 나오는 날이라 기대하고 갔었는데 구경도 못 하고 왔지만 샌드위치 맛있었어요. 성심당 70주년 축하합니다.,점심에 방문,예약 없이 이용,바로 입장
5,2026년 7월 17일 금요일,"긴 기다림도 아깝지 않은착한 가격과  질리지 않는 빵맛.성심당을 가기위해 기꺼이대전을 가게 만든다.* 더자세한 사진과 내용은 네이버 블로그""까칠한 미식가""를 참고해 주세요.",점심에 방문,,
4.5,2026년 7월 17일 금요일,든든한 샌드위치로 브런치 즐기기え占좋ØГ(♥ω♥ ) ~♪,아침에 방문,예약 없이 이용,바로 입장
4,2026년 7월 17일 금요일,내돈내산줄 짱기는데 직원들이 컨트롤 잘해줌.근데 너무 바빠서 서로 직원 손님이 혼선은 아쉽네여.그래도.. 명소이니.어쩔수 없죠,아침에 방문,,30분 이내
3,2026년 7월 16일 목요일,굿,저녁에 방문,,
5,2026년 7월 16일 목요일,맛잇는 성심당,저녁에 방문,,
4.5,2026년 7월 16일 목요일,튀소 그리고 고로케 맛잇어요,저녁에 방문,예약 없이 이용,30분 이상
5,2026년 7월 16일 목요일,역시 대전 대표 맛집 성심당. 롤케익은 말할 것도 없거니와 시루같은 케익도 전부 일품입니다. 단 거 싫어하는 사람이 먹어도 맛있다라는 소리가 절로 나오는 곳. 무조건  방문하세요,점심에 방문,예약 없이 이용,30분 이내
4,2026년 7월 16일 목요일,"평일에도 낮엔 10-15분정도 웨이팅있어요내부는 엄청 정신없어서 미리 살 거 생각하고 가는게 좋습니다. 집개가 여기저기서 들어옴ㅎ,,본점은 밤 8시에도 빵이 나와서 밤 늦게 가는 것도 방법입니다.오전 밤 오후 이렇게 가봤는데오전에 사람이 많았어요.튀소 후렌치파이 넘 맛있게 먹었습니다.",점심에 방문,예약 없이 이용,10분 이내
5,2026년 7월 16일 목요일,성심당 드뎌 왔어욤♥ 줄도 금방 줄어들었고 빵도 맛있어욤♥,점심에 방문,,
5,2026년 7월 16일 목요일,항상 갈 때마다 기빨리지만 빵은 싸고 맛있어요,점심에 방문,,
4.5,2026년 7월 16일 목요일,빵이 너무 맛있어요!,점심에 방문,,
5,2026년 7월 16일 목요일,성심당 빵 사랑합니다,아침에 방문,예약 없이 이용,바로 입장
5,2026년 7월 15일 수요일,대전에 오면 반강제적으로 방문하는 성심당.하지만 양손 가득 빵을 담으면 카드한도가 줄어드는 만큼. 행복한 마음은 늘어납니다. 오늘은 그나마 사람이 많이 없어서 한바퀴 돌아보고 사고 싶은거 몇개 집어봅니다. 빵도 맛있지만 직원분들이 너무 친절하세요. 좋습니다. 잘먹었습니다. #내돈내산 #성심당본점 #성심당부띠크는다음에 #오늘의튀김소보로 #튀김소보로 #내돈내소보로 #잘먹었습니다 #내돈내빵 #대전 #성심당 #빵투어 #대전빵집,점심에 방문,예약 없이 이용,10분 이내
3,2026년 7월 15일 수요일,기다리는 시간이 너무 길어요~~,점심에 방문,예약 없이 이용,
5,2026년 7월 15일 수요일,프렌치망고 망고 맛있어요.,점심에 방문,예약 없이 이용,바로 입장
5,2026년 7월 14일 화요일,갓나온 따끈따끈 고로케진심 존맛,저녁에 방문,예약 없이 이용,바로 입장
5,2026년 7월 13일 월요일,성심당 본점에서 쑥떡앙빵 참치고로게 단팥빵 골랐어요 오늘도 맛있게 잘 먹었어요 단팥빵에 팥이 도톰하게 꽉차고 달달해서 넘 맛있네요 참치고로게랑 쑥떡앙빵도 넘 맛있어요 또 방문할게요,저녁에 방문,예약 없이 이용,바로 입장
5,2026년 7월 13일 월요일,회전율 빠르고 빵도 가성비 좋아요! 맛있어요!!,저녁에 방문,예약 없이 이용,10분 이내
4.5,2026년 7월 13일 월요일,기다린 보람있어요 가성비짱에 맛도 있고 말차도 맛있네요,점심에 방문,예약 없이 이용,30분 이내
5,2026년 7월 13일 월요일,이  더위 35도 가까운데도 성심당 본점 앞에 줄을 길게 늘어서들어갔슴 2층에서 망고 빙수먹고 다들 재밌게 수다 두시간 하다가 집갈때 다와 1층와 줄서니(10분정도 대기)바로 들어왔고 안에들어가면 원하는데로 이동해 빵을사면됨.대전역사 안 성심당역사를 보면 거기도 웬만한빵 다있다봤는데 여기 본점오니 대전역사에서 못본 새로운 빵들이 보이는건 몇개월사이로 빵종류가 바뀐건지싶음!주로있는 빵들 외 몇가지는 계속 새로운게 선보여지고가격은 2000.2800.3800.4500원 선에서 이뤄져 가성비는 유지되고직원들을 보니 밝음과 친절은 잘유지되는걸보면서많이 쉬는시간을 주고 식사도 잘나오며 직원을 많이 모집해쓴다는걸 동생이 얘기해주니 납득!!ㅎ몇개먹어보니 여전히 가성비대비 맛있고 훌륭함!!,점심에 방문,예약 없이 이용,10분 이내
5,2026년 7월 13일 월요일,내 사랑 성심당...영원하라...👀❣️,점심에 방문,,10분 이내
5,2026년 7월 12일 일요일,빵은 성심당🫶,저녁에 방문,예약 없이 이용,바로 입장
5,2026년 7월 12일 일요일,"직원분들 세상 친절하시고 임산부 프리패스로 빠르게 입장 + 5%할인까지 받아서 햅삐한 쇼핑입니다. 김치 찹쌀 주먹밥은 생각보다는 쏘쏘고 말차튀소가 쟌맛입니다,,! 우리들 공원 주차장 이용했고 성심당 본점이랑 케이크 부띠끄 두군데서 만원 이상 사서 각각 한시간씩 총 두시간 주차 적용 받았어요!",점심에 방문,예약 없이 이용,10분 이내
5,2026년 7월 12일 일요일,내사랑 샌드위치 정거장.루꼴라샌드위치는 그저 갓갓입니다.어떻게 이런맛이 존재하지 ㅠㅠ 계속 운영해주세요.동행자는 이탈리안샌드위치를 꼭꼭 사시네요. 그냥 다 맛잇어요.,점심에 방문,예약 없이 이용,바로 입장
4,2026년 7월 12일 일요일,북적였지만   나름 선방함,점심에 방문,예약 없이 이용,10분 이내
5,2026년 7월 12일 일요일,김치치즈찹쌀주먹밥은 실패했지만 ㅠㅠ 찹쌀주먹밥 처음먹었는데 맛있더라구요!! 오랜만에 성심당 방문이라 좋았어요!!,아침에 방문,예약 없이 이용,30분 이내
4.5,2026년 7월 12일 일요일,굿굿 !!!오픈런 대기해서 성공햇오요,아침에 방문,예약 없이 이용,2시간 이상
5,2026년 7월 12일 일요일,"잠봉, 잠봉바질 추천!!!!!!",아침에 방문,예약 없이 이용,바로 입장
4.5,2026년 7월 11일 토요일,👍🏻👍🏻👍🏻,저녁에 방문,,
5,2026년 7월 11일 토요일,🥖 성심당 만만세!!,저녁에 방문,,
5,2026년 7월 11일 토요일,굿ㅎㅎ,저녁에 방문,예약 없이 이용,10분 이내
5,2026년 7월 11일 토요일,토요일 13:30쯤 도착해서 10분 정도 기다리고 들어왔어요! 계산 줄이 복잡해서 정신 없었지만 빵 맛있어요👍🏻,점심에 방문,,
5,2026년 7월 11일 토요일,잔뜩 쟁여오고 싶은 성심당🥐,점심에 방문,예약 없이 이용,30분 이내
4.5,2026년 7월 10일 금요일,학창시절에 약속시간 뜨면 들러 시식빵 먹던 사람이라 이렇게 잘되는 걸 보니 괜스레 기쁩니다 😀 요즘도 종종 들르는데 가성비 좋게 다양한 빵을 맛볼 수 있어서 좋아요.,저녁에 방문,예약 없이 이용,바로 입장
5,2026년 7월 9일 목요일,성심당 본점 갈때마다 입구에서 본 황금식빵이 궁금해서 샀어요 야끼소바빵도 맛이 궁금해서 함께 샀는데 둘다 부드럽고 느므 맛있네요 간단한 한끼인데 든든하고 맛있어요 황금식빵은 샐러드랑 곁들어 발사믹소스에 살짝 찍어먹었는데 식빵이 부드럽고 맛있어서인지 궁합이 맞아 맛있게 잘 먹었어요 추천해요,저녁에 방문,예약 없이 이용,바로 입장
5,2026년 7월 9일 목요일,성심당 여행 간 김에 대전 구경 잘 했습니다,저녁에 방문,예약 없이 이용,바로 입장
5,2026년 7월 9일 목요일,"성심당 빵의 놀라운 점은, 막상 샀을 땐 많다고 느끼지만 잘라서 데워놓으면 물도 한 잔 마시지않고 빵을 흡입하게 된다는 점이다",점심에 방문,예약 없이 이용,바로 입장
5,2026년 7월 8일 수요일,성심당 본점에 들러 케이준치킨샐러드 단팥빵 야채고로게 쑥떡앙빵 샀어요 역시 가성비갑 성심당 빵이네요 처음 사 본 케이준치킨샐러드 구성이 알차고 넘 맛있어요 단팥빵이랑 야채고로게 쑥떡앙빵도 느므 맛있게 잘 먹었어요 성심당 들를 때마다 고른 빵들이 모두 만족하게 되네요 오늘 하루 성심당 빵 덕분에 행복한 한끼 잘 먹었어요 성심당의 친절함 맛 정성에 감사해요 성심당 빵이 맛있고 정성이 가득이어서 대박 추천해요!!! 번창하세요 또 방문할게요,저녁에 방문,예약 없이 이용,바로 입장
5,2026년 7월 8일 수요일,최고입니당,저녁에 방문,예약 없이 이용,10분 이내
5,2026년 7월 8일 수요일,성심당  왜 유명한지 한번에 알 것 같아요 🥹🩷,점심에 방문,예약 없이 이용,바로 입장
5,2026년 7월 8일 수요일,샌드위치 맛있어용 더살껄..@@,점심에 방문,예약 없이 이용,바로 입장
5,2026년 7월 8일 수요일,어후 평일인데도 계속 웨이팅줄서도 난리도 아니였네요직원분들 고생 많으십니다 덕분에 맛있는빵 많이 사들고 가네요,점심에 방문,예약 없이 이용,30분 이내
5,2026년 7월 7일 화요일,올해 마지막 망고롤케이크 라서 부랴부랴 왔어요~말차롤도 맛있고 생망고듬뿍 이라 더 맛잇ㄱ어요 ㅎㅎ,저녁에 방문,예약 없이 이용,10분 이내
5,2026년 7월 7일 화요일,말이 필요합니까 .. 이미 업계 탑임에도 불구하고 꾸준히 메뉴개발하시는게 감사할 따름샌정에서 개인적으로 토마토레지아노가 가장 취저불맛이 나는 치즈와 토마토의 조합바게트 안에 부드러운 토핑 가득 또 먹고싶다대왕 소세지빵도 가성비 굳 토마토 소스 좋아하면 무족권 극호,저녁에 방문,예약 없이 이용,바로 입장
5,2026년 7월 7일 화요일,명란바게트 크고가성비좋고  너무 맛있어요 빵이랑 칼국수로 정신건강좋아진다는 대전! 성심당빵투어 고고씽기분 업 되는거 맞네요 ㅎ올리브치아바타도 질긴듯한데   꼬소해요,점심에 방문,,30분 이내
5,2026년 7월 7일 화요일,빵 종류가 다양한 성심당 본점🥊평일 낮에도 웨이팅 필수이다🏅더워서 기다리는게 힘들어 고역이다🎁 햇빛가림막이라던가 아니면 초대형 선풍기라도 돌려줘서 더위를 해결해줬으면하는 바램이 있다🎟 이날은 모찌모찌식빵과 성심당의 시그니처 메뉴중 하나인 튀김 소보루를 재구매하였으며 끼니 대용으로 탁월한 성심당표 삼각김밥인 찹쌀 주먹밥으로 차에서 점심을 해결하였다🎫 직원의 안내사항중 하나는 당일섭취가 불가능하면 냉동으로 3일까지는 보관이 가능하다고한다.,점심에 방문,예약 없이 이용,30분 이내
5,2026년 7월 7일 화요일,망고케이크 맛있어요,점심에 방문,,
1.5,2026년 7월 7일 화요일,케익부띠끄에서 계산하시는3번에 근무하시는분7월7일 오전11시30분대에 엄정 불친절해서 완전 기분상했어요~~여기 오는 모든 사람이 메뉴나 그밖에 주문.대기하는곳이 익숙한것도 아닌데 엄청 저한테불친절하셨어요ㅠㅠ 직원교육도 제대로 해주셔야할거같아요,점심에 방문,예약 없이 이용,30분 이내
5,2026년 7월 6일 월요일,"처음으로 간 대전소금빵이랑 크로와상,부추빵 맛있으나 매장에 너무 오픈 진열이라서 먼지 묻을거 같은데 포장이나 뚜껑 사용하면 좋을거 같음",저녁에 방문,,
4.5,2026년 7월 6일 월요일,"은행동에 나갔다가 들렀어요.평일이라 생각보다는 대기시간이 길지 않아서 좋았어요.구매내역썬쎗폴 4,500초코튀김소보로 2,000가격이 정말 저렴해요.둘 다 처음 구매 했는 데 너무 달아서 제 취향은 아니었어요.초코와 소보로가 만나면 어떤 느낌일까 궁금해서 구매했는 데 먹어보니 재구매는 안 할 것 같아요.평일이라 대기줄도 길진 않았지만 매장안에는 사람들이 너무 많고 시끄러워서 재방문도 안 할 것 같아요.#오늘클립챌린지",점심에 방문,예약 없이 이용,30분 이내
4.5,2026년 7월 6일 월요일,"주말엔 엄두가 안나서 평일이라 방문 해 봤어요.평일이래도 대기줄은 있더라고요.대전역점에 카레고로게가 없어서 방문했어요.구매내역ㅡ 카레고로게 2,800먹고 싶었던 빵이라 왕충 구매했어요.카레고로게는 약간 매콤하면서도 씹히는 맛도 있고 먹고 나면 든든하기도 하고 아주 맛있어요.본점은 거의 20년만에 방문했어요.예전과는 많이 달라진것 같아요.제가 생각하는 매장은 1,2층으로 컸는 데 굉장히 작아진 것 같아요.매장안은 빵줄이 아니라고 고르고 싶은거 고르라는 데 사람이 많아 비집고 들어가기 힘들어요.왠지 새치기 하는 느낌이기도 하고 그냥 줄 따라 가면서 빵을 고르는게 편해요.본점은 다시 안 올 것 같아요.올라올 때 대전역점에 가니 카레고로게가 있더라고요.#오늘클립챌린지",점심에 방문,예약 없이 이용,30분 이내
4.5,2026년 7월 6일 월요일,빵집에 들어가서 회전초밥처럼 돌면서 빵을 담을 수 있어요. 오후에 가도 종류가 많았고 계산할 수 있는 곳도 많아서 좋아요. 빵이 저렴해서 많이 샀어요!,점심에 방문,예약 없이 이용,10분 이내
5,2026년 7월 6일 월요일,"튀소, 명란바켙  너무 맛있어요",점심에 방문,,
5,2026년 7월 6일 월요일,말차크라상 👍,점심에 방문,,10분 이내
5,2026년 7월 5일 일요일,말해뭐해미친맛이니 그냥 가야함,저녁에 방문,예약 없이 이용,바로 입장
5,2026년 7월 5일 일요일,다양한 빵과 재고 걱정이 된다면 이곳,점심에 방문,예약 없이 이용,10분 이내
4,2026년 7월 5일 일요일,연어샌드위치 사러갔는데 여름엔 안한다고해서 다른거만 사왔네요 샌드위치는 그냥그러네요  안기다린건 좋아요,점심에 방문,예약 없이 이용,바로 입장
4.5,2026년 7월 5일 일요일,긋,점심에 방문,,
5,2026년 7월 5일 일요일,최고에요,점심에 방문,예약 없이 이용,바로 입장
5,2026년 7월 5일 일요일,첫 성심당 행복했다말차튀소 두개살걸애플브리치즈 존맛 이것만 먹고 살고싶다,점심에 방문,예약 없이 이용,30분 이내
5,2026년 7월 4일 토요일,성심당 왔어요 예전에도 성심당은 대전에서 유명. 결혼전부터 부추빵 튀김소보루 등등 성심당빵을 많이 먹어봤는데 전국적으로 엄청난 유명세를 타면서는 오히려 대전에와도 줄서는게 싫어서 안가게 되더라구요. 그러다가 딸기시루가 넘 궁금해서 작년봄에 처음으로 길게 줄을서서 구입. 오늘은 줄서서 구입하는 두번째 날이네요토요일 주말인데 처음 줄섰던 날보다 오히려 줄이 양호해요. 매장안은 그닥 크지않아 손님들로 바글바글. 그 수많은 사람들이 빵을 수북히 담아도 끊임없이 빵들이 금새금새 채워져서 케이크와 달리 품절된 제품은 없었어요오늘의 방문목적은 망고시루와 순수롤케익을 사는것이기에 몇가지빵 구입후 케익부띠끄로 달려달려~ 마지막영상은 성심당에서 사온빵들,저녁에 방문,예약 없이 이용,10분 이내
3.5,2026년 7월 4일 토요일,첫 방문워낙 유명한 곳이라 빵순이로서 버킷리스트에 있었는데 드디어 왔네요주변에는 다들 성심당 종이팩을 들고 다니더군요그리고 줄이ᆢ 말도 못하게 길어요 한여름이나 한겨울에는 많이 힘들듯다행히 생각보다 빨리빨리 줄더라구요매장 안은 진짜 장난 아닙니다 사람이 빽빽하게 들어가 있어서 정말 난리예요결론은 ᆢ사실 좀 실망입니다 가격이 많이 저렴한건 좋은데 대신 빵은 가격만큼 하는듯튀김소보로 종류별로 구매했는데근데 겉이 좀 딱딱하기도 하고 속은 너무 달아요퀸아망은 내가 아는 퀸아망은 아니네요 속이 비었어요샌드위치가 맛있다고들 해서 들렀는데 종류가 몇 가지 안되네요 많이 비싸기도 하고망고크림 샌드위치ᆢ 망고와 크림 양은 얼마 안되지만 망고는 맛있네요한번쯤 가볼만은 합니다만 재방문은ᆢ,저녁에 방문,예약 없이 이용,바로 입장
5,2026년 7월 4일 토요일,여윽시 오랜만에 먹었는데 너무 맛있어요~,점심에 방문,,
5,2026년 7월 4일 토요일,본점 줄 엄청김저정도....그냥무난,점심에 방문,예약 없이 이용,바로 입장
5,2026년 7월 4일 토요일,굿,아침에 방문,예약 없이 이용,바로 입장
5,2026년 7월 4일 토요일,가성비 좋고 맛있어요!,아침에 방문,예약 없이 이용,1시간 이상
5,2026년 7월 3일 금요일,망고시루 맛있어요!!,점심에 방문,예약 없이 이용,바로 입장
5,2026년 7월 3일 금요일,성심당 본점 방문. 평일도 사람많네요,점심에 방문,예약 없이 이용,30분 이내
5,2026년 7월 3일 금요일,성심당은 사실 샌드위치가 찐입니다,점심에 방문,예약 없이 이용,바로 입장
5,2026년 7월 3일 금요일,바쁜데 직원분들 친절하고 빵이 맛있어요.정말 터져나갈거 같았는데 빵잘라주던 직원분이 오늘은 평소보다 손님이 적은 편이라고 해서 평소는 대체 어떤걸까 싶긴 했습니다.,점심에 방문,예약 없이 이용,10분 이내
5,2026년 7월 3일 금요일,임산부혜택으로 바로 입장했어요!,점심에 방문,예약 없이 이용,바로 입장
5,2026년 7월 2일 목요일,맛있어요 ~~^^,저녁에 방문,예약 없이 이용,바로 입장
5,2026년 7월 2일 목요일,<성심당 200%이용하기>목요일 오후 5시쯤 방문오랫만에 성심당 본점방문. 평일 오후라 그런지 곧바로 입장...계산줄은 약간 기다렸지만 5분 이내로 짧게 기다리고 계산완료.  말치튀소랑 호밀빵 구입.역시 맛있당~~평일 오후에는 관광객이 적은듯.직장인 퇴근전이라 줄이 짧았는데 5시30분 넘으니 살짝 줄이 생기기 시작했음오후5시 쯤에는  케익부띠끄도 줄없고 시루매장도 프리패스. 오랫만에 긴 기다림없이 빵구입.인기상품은 품절ㅠ.ㅠ성심당 본점에서 계산할때는 한줄서기가 아니고 계산대마다 줄서기. 요령껏 짧은줄  쪽으로 가면 빠른계산 가능. 그리고 디지털온누리상품권 결재가 가능하니 꼭 사용해보시길....멤버십가입하면 5%적립...이것도 모으면 쏠쏠함. 지난달에는 적립금으로 망고시루 구입해서 기분 좋았음,저녁에 방문,예약 없이 이용,바로 입장
5,2026년 7월 2일 목요일,빵 종류가 다양하고 맛있었습니다!!!가격 대비 퀄리티가 좋아요!평일 오후 웨이팅은 기다릴만한 것 같아요!,점심에 방문,예약 없이 이용,30분 이내
5,2026년 7월 2일 목요일,굿,점심에 방문,,
4,2026년 7월 1일 수요일,굿,저녁에 방문,예약 없이 이용,바로 입장
5,2026년 7월 1일 수요일,구매한 모든 빵들이 최고에요╰(*´︶`*)╯♡망고시루 기대한 것보다 훨씬! 맛있었어요!,점심에 방문,예약 없이 이용,30분 이내
5,2026년 7월 1일 수요일,대전 방문하면 꼭 들려야하는 성심당 본점! 케익부띠끄에서 메론케이크 구입 후 오전에 바로 다녀와보았는데요.웨이팅도 없어 바로 들어가 빵을 구입할 수 있었어요! 방문하기전 성심당에서 꼭 드셔야하는 빵 추천 해드릴게요!1. 명란바게트 🥖2. 보문산메아리 🥮3. 김치찹쌀주먹밥 🍙4. 말차튀김소보로 💚위에 4가지는 꼭 드셔봐야하는 성심당 추천 메뉴에요! 평일인데도 오후에는 줄이 길게 늘어서서 사실 놀랐어요. 그래도 회전율이 빠르고 소진된 빵도 금세 채워졌고요. 대전 오시면 꼭 방문하시는것을 권유드려요!!,점심에 방문,예약 없이 이용,바로 입장
3,2026년 6월 30일 화요일,괜찮아요,저녁에 방문,예약 없이 이용,30분 이내
4.5,2026년 6월 30일 화요일,말뭐. 3만원만 사도 봉투가 빵빵,점심에 방문,예약 없이 이용,30분 이내
5,2026년 6월 30일 화요일,대전의 필수 코스죠!! 사람이 많지만 맛있고 가격이 합리적임,점심에 방문,예약 없이 이용,10분 이내
4.5,2026년 6월 30일 화요일,좋아요.,점심에 방문,예약 없이 이용,30분 이내
5,2026년 6월 30일 화요일,평일 점심 (화요일 12시)웨이팅 없이 5분컷 1통멜론케이크 성공했어요!!,점심에 방문,예약 없이 이용,바로 입장
5,2026년 6월 30일 화요일,시루랑 롤케익 산다고다른빵을 더 많이 못사온게 아쉬울 따름입니다ㅠ넘 맛있고 가성비가 좋아요ㅎㅎ,점심에 방문,예약 없이 이용,10분 이내
5,2026년 6월 30일 화요일,보문산메아리 추천해요,점심에 방문,예약 없이 이용,바로 입장
5,2026년 6월 30일 화요일,역시 대전은 성심당 !! 샌드위치 정거장에서 잠봉뵈르 멕시칠리핫도그  프렌치망고샌드위치 꼭 드세요~~ 그리고 부추빵이나 튀김소보루가 질린다면  초코튀소랑 주먹밥 강추!!!!!!,밤에 방문,예약 없이 이용,30분 이내
5,2026년 6월 29일 월요일,빵 !!!!! 🫶🏻🥖💛,저녁에 방문,,
5,2026년 6월 29일 월요일,맛있어요~~!,점심에 방문,예약 없이 이용,10분 이내
5,2026년 6월 29일 월요일,이색적인 빵종류가 많아요~,아침에 방문,예약 없이 이용,30분 이상
5,2026년 6월 28일 일요일,좋아요,점심에 방문,,
5,2026년 6월 28일 일요일,좋아요,점심에 방문,,
5,2026년 6월 28일 일요일,김티찹쌀주먹밥... 짱맛있습니다 :),점심에 방문,예약 없이 이용,30분 이내
5,2026년 6월 28일 일요일,후다닥 구매하기 ㅎㅎ,점심에 방문,,
5,2026년 6월 28일 일요일,주말 점심 2시 넘어도 웨이팅 있음 하지만 맛있어서 할만함,점심에 방문,예약 없이 이용,30분 이상
5,2026년 6월 28일 일요일,망고시루 사러 대전왔어요모든 시루들 중에 망고시루가 탑인것 같아요그냥 먹으면 입에서 없어져요그리고 생각보다 롤이 너무 맛있었어요ㅠㅠ시루랑 롤 둘 다 냉장고에 하루 뒀다가 먹었을 때 시트가 촉촉해져서 더 맛있는것 같아용시루는 20분 정도 줄 서서 받은 것 같고 롤은 10분정도 줄 섰어요! 시루랑 롤 같은 곳에서 결제 가능하고 받는 곳만 달랐어요!! 롤 받는 줄이랑 본점 대기줄이랑 다르니까 롤만 사실 분들은 바로 본점 들어가시면 돼용빵 줄은 너무 길어서 패스했습니당망고시루는 짱이에요,점심에 방문,예약 없이 이용,30분 이내
5,2026년 6월 28일 일요일,굿,점심에 방문,예약 후 이용,1시간 이상
5,2026년 6월 28일 일요일,성심당 최고,점심에 방문,예약 없이 이용,10분 이내
5,2026년 6월 28일 일요일,70주년인 성심당!맛있고 저렴한 빵집 인정!,점심에 방문,예약 없이 이용,30분 이내
5,2026년 6월 27일 토요일,한가득 담아도 2만원이 안되는 가격이라서 정말 놀라웠어요! 그리고 종류도 다양하고 맛도 좋아요! 참으로 대전의 자랑입니다 :),저녁에 방문,예약 없이 이용,바로 입장
5,2026년 6월 27일 토요일,"예전에 그 명성은 익히 알고 이써~튀김소보로는 지인한테 선물 받아봄.여행중에 들른 ""성심당""와우 종류도 맛도 친절까지 모두가 진심인 가계 그래서 70주년을 지켜왔구나 싶네요.길거리마다 손에 성심당빵봉투 앞다투어 들고 있네요.부추빵.야채고로케.명란바게뜨 넘넘 맛있어!!가끔 빵투어로 대전에 방문하는걸로 다 먹어봐야쥐~~",저녁에 방문,,10분 이내
5,2026년 6월 27일 토요일,더운데 수고가 많다~^^,점심에 방문,,30분 이내
3,2026년 6월 27일 토요일,"이번 대전 여행에서도 어김없이 성심당을 방문했어요. 기차는 오후였지만, 일찍 도착한 김에 일찍 가자라고 생각해서 방문했어요. 지난 번엔 1시간은 족히 넘길 정도였는데, 이번엔 10~20분(?) 정도 기다렸어요. 완전 럭키대전이었어요!! 그렇게 입장해서 지인이 좋아하는 작은 메아리 9개와 가는 길에 먹을 카레 고로케 1개 구입했어요. 내부엔 사람들이 정말 많았고, 직원분들은 계속 빵들은 리필하고 계셨어요. 올 때마다 이 분위기가 적응이 안 되면서도 다들 빵에 진심이라는 걸 인지하고 나면 웃음이 나는 거 같아요. 좋은 빵을 가성비 좋게 구할 수 있어 좋았어요~^^",점심에 방문,예약 없이 이용,30분 이내
4.5,2026년 6월 27일 토요일,good,아침에 방문,예약 없이 이용,30분 이내
5,2026년 6월 27일 토요일,"성심당 본점 입성이른 아침시간이지만 벌써 웨이팅을 하시는 분들이 많았고케이크 줄은 넘 많아서 패스하고 바로 일반 빵을 파는 곳으로 갔는제 다행히 빠르게 입장이 가능했습니다!엄청 기대된 말차튀소, 말차크로와상!개인적으로 말차랑 넘 잘 어울려서 좋았어요그리고 그 외에 부추빵, 메아리, 주먹밥 등을 사서 먹어봤어요아.. 다 맛있어요1층 매장에서 결제 후 바로 샌드위치 정거장으로 넘어가실 수 있는데 여기서는 애플잠봉뵈르, 야끼소바빵을 샀어요애플은 사과잼의 달달함과 애플의 상콤함 짜지않은 햄 전반적인 담백한 잠봉뵈르였습니다야끼소바는 짜장맛이 살짝났고, 빵 자체가 부드럽고 맛있었어오ㅠ전반적으로 빵 자체가 너무 맛있어요그리고 가격대도 정말 괜찮았고, 담에 또 들려서 다른 빵들도 맛보고 싶었습니다😋",아침에 방문,예약 없이 이용,10분 이내
5,2026년 6월 27일 토요일,ㅎㅎ 순수롤이랑 멜론롤사고 튀김소보루 살려고 또 기다렸네요ㅜ그나마 줄이 금방 줄어 들어서 오래 안기다렸어요 빵도 많고 사람도 많고 ㅎㅎ 진짜 빵좋아하시는분들 많드라구요~저흰 에코백도 샀는데요 빵도 다 맛있지만 에코백이 커서 맘에들더라구요ㅋㅋ 한동안 그리울꺼 같은데 또 오고싶어요 성심당ㅠㅠ 삼각김밥 못사서 아쉬워요 담에는 꼭 사고싶어요,아침에 방문,예약 없이 이용,10분 이내
5,2026년 6월 26일 금요일,컵빙수 맛있어요-!!,점심에 방문,,
5,2026년 6월 26일 금요일,성심당은 역시 성심당 !,점심에 방문,예약 없이 이용,30분 이내
5,2026년 6월 26일 금요일,"멜론롤은 본점에서만 판매해서 우리들주차장에 주차하고본점에서 삼총사세트 사고,케익부티크에서 멜론롤 구입해왔어요대기줄은 길어보이지만 금세 빠지고직원분이 순서 잘 챙겨주시고 친절하셔서 좋습니다더우니까 대기시 사용할 큰 우산도 준비되어 있는데한여름에는 퍽 힘들것 같다는 생각이 들어요온누리상품권 결제되어서 좋고요주차는 지점별 1만원 이상 결제시 1시간 무료입니다",점심에 방문,예약 없이 이용,10분 이내
5,2026년 6월 26일 금요일,"식사빵 아홉덩이 사와서 소분 보관 잘 해두면 2주간 행복한 아침밥🥖 행복행복☕️따끈한 2,300원 스테이크빵도 굿",아침에 방문,예약 없이 이용,10분 이내
3,2026년 6월 25일 목요일,평일 저녁인데도 사람이 많았음. 품절 된 빵이 많아서 일찍 가는거 추천. 일찍가도 줄은 많은거 봤음.사람이 많다보니 누가 크림 묻은 집게로 빵 집었다가 내려놓는거도 보게 됨,저녁에 방문,예약 없이 이용,30분 이내
3,2026년 6월 25일 목요일,굿,점심에 방문,예약 없이 이용,10분 이내
3.5,2026년 6월 25일 목요일,빵이 금방금방 팔리고 리필되요 성심당은 요즘 🥭🥭🥭맛 빵이 많아보였고 눈과 입이 즐거웠어요🍞🥐,점심에 방문,예약 없이 이용,30분 이상
4.5,2026년 6월 25일 목요일,좋아요,밤에 방문,예약 없이 이용,30분 이상
3.5,2026년 6월 24일 수요일,가성비 빵들이 많아요 대기줄이길고 매장안이 엄청복잡해요 사람들끼리 부딪히면서 뭐하나 고르기 힘드네요  계산하는곳이 많아 계산 포장은빨라요,점심에 방문,,30분 이상
5,2026년 6월 24일 수요일,성심당 본점웨이팅 필수사람 겁나 많지만 금방 입장 가능다양한 베이커리 잔뜩 ㅜㅜ 사람도 잔뜩새로나온 말차튀소 추천,점심에 방문,예약 없이 이용,바로 입장
5,2026년 6월 24일 수요일,주차장은 힘들지만 잘 구입해서 먹었어요,점심에 방문,,
4,2026년 6월 24일 수요일,오랜만에 소보로,점심에 방문,예약 없이 이용,바로 입장
5,2026년 6월 24일 수요일,평일 수요일에도 줄이 엄청 길어요..ㅠ.ㅠ선물용이랑 가족들꺼랑 샀어요ㅋ,점심에 방문,예약 없이 이용,바로 입장
5,2026년 6월 24일 수요일,대전에 업무차 들렸다가 올라오는길에 잠깐 다녀올려고 왔는데. 입장대기시간이 약 30분안에는 더 혼란. 딱 필요한 소보로 2종만 잽싸게픽해서 나오고 건너편 빙수코너에서 생망고빙수먹고 왔습니다. 성심당은 이제 평일에도 빵성지네요. ^^#성심당본점 #본점빵집 #성심당 #오늘의빵 #대전빵집 #오늘빵 #빵투어 #대전빵 #성심당 #케익 #튀소 #튀김소보로 #튀김 #불사조봉삼이,점심에 방문,예약 없이 이용,30분 이내
3,2026년 6월 24일 수요일,튀소,아침에 방문,예약 없이 이용,1시간 이상
5,2026년 6월 24일 수요일,진짜아아 너무 좋아요,밤에 방문,예약 없이 이용,30분 이내
5,2026년 6월 23일 화요일,"대전 살면서 생각날 때 한 번쯤은 들르게 되는 성심당 본점! 이번에도 빵 몇 가지 구매했는데 역시 실망시키지 않네요. 사람이 많아도 직원분들이 빠르게 응대해 주셔서 오래 기다리지 않았고, 매장도 깔끔하게 관리되어 있어 편하게 둘러볼 수 있었습니다.튀김소보로는 역시 바삭하면서도 달콤한 맛이 좋았고, 다른 빵들도 전체적으로 신선해서 만족스러웠어요. 종류가 워낙 다양해서 고르는 재미도 있고 가격도 부담 없는 편이라 이것저것 담게 되네요.집에 와서 먹어도 맛있었고 가족들도 다 좋아했습니다. 대전을 대표하는 빵집이라는 말이 괜히 나오는 게 아닌 것 같아요. 빵 좋아하시는 분들이라면 한 번쯤 방문해 보시길 추천합니다!",저녁에 방문,예약 없이 이용,10분 이내
4.5,2026년 6월 23일 화요일,"가성비 빙수 맛집컵빙수 얼음빙수여도 맛있네요.망고빙수 15000원에 포장했는데 망고시루보다 나아서 저희는 이제 망고시루 대신 망빙 먹기로요.온누리상품권 결제 가능하고, 성심당 멤버쉽 가능해서 꿀혜택!컵빙수는 떡, 크림, 팥 들어가고 파에테 포요틴인가 그거 들어간듯요. 맛있어서 담에 또 먹기로함요",저녁에 방문,예약 없이 이용,바로 입장
5,2026년 6월 23일 화요일,평일인데도 웨이팅이 너무 힘들었어요!🥲처음엔 사람들이 왜 줄까지 서서 이렇게 비싼 케이크를 사 먹을까 싶었는데 먹어보니 바로 납득했다는!!다른 곳에서는 쉽게 먹어보기 어려운 수준의 퀄리티였어요. 망고가 거의 폭탄급으로 들어 있어서 한입 먹을 때마다 망고가 입안 가득 느껴졌고 제누아즈도 정말 부드러워요! 크림도 느끼하지 않고 진짜 맛있었어요!🩷보통 과일 케이크를 사면 과일이 덜 익어서 아쉬운 경우가 많은데 성심당 망고시루는 망고가 완전 잘 익어서 더 맛있는 것 같아요.평일이었음에도 웨이팅이 너무 힘들었지만 또 사러 가고 싶을 정도의 퀄리티네요. 다음에 가면 멜론롤도 꼭 사고 싶어요. 노잼도시 대전을 꿀잼도시로 만든 성심당! 대전에 가면 역시 성심당 망고시루는 필수네요! :),저녁에 방문,,
5,2026년 6월 23일 화요일,망고시추 재..출시.. 재출시..,점심에 방문,예약 없이 이용,바로 입장
5,2026년 6월 23일 화요일,평일 오전에 일찍 가니까 줄이 거의 없어서 바로 들어갔습니다! 직원분들은 엄청 바빠도 친절하시긴하지만 사람이 너무 많아서 왁자지껄 정신이 없어요ㅜㅜㅜ 그래도 확실히 가성비도 좋고 빵들도 맛있어요! 제 최애빵인 애플브리치즈샌드위치랑 작은메아리랑 초코버터바게트 잔뜩 쟁여왔습니다!,점심에 방문,예약 없이 이용,10분 이내
5,2026년 6월 23일 화요일,망고시루 공장이다. 줄 서면서 보는 재미가 쏠쏠지금은 망고시루 시즌 끝났는데 매우 아쉽다내 최애 망고시루 세상사람들 다 먹어봤으면이날은 망고롤을 샀는데 마찬가지로 아주 굳! 평일 점심 기준 10분 정도 줄 섰음,점심에 방문,예약 없이 이용,10분 이내
4.5,2026년 6월 23일 화요일,"튀김소보로와 명란바게트 같은 시그니처 메뉴가 많은 사랑을 받고 있습니다. 빵이 갓 구워져 나와 풍미가 뛰어나고, 직원들의 친절한 서비스도 인상적이었습니다. 대전에 방문한다면 한 번쯤 꼭 들러볼 만한 빵지순례 명소로 추천합니다",밤에 방문,예약 없이 이용,30분 이내
5,2026년 6월 22일 월요일,굳,밤에 방문,예약 없이 이용,바로 입장
4,2026년 6월 22일 월요일,빵이 다양하고 맛있어요,저녁에 방문,예약 없이 이용,바로 입장
4,2026년 6월 22일 월요일,케이크 줄은 원하는 맛이 없어 패스본점줄은 10분정도 걸려서 들어감가성비 좋은 빵슴슴한 부추빵 죠하요,점심에 방문,예약 없이 이용,10분 이내
3.5,2026년 6월 22일 월요일,"야채고로케, 아몬드크림빵, 몇년만에 먹어보는건지..ㅋ 늘 먹던거 말고 예전에 먹어본거 골라봤는데 오랜만에 먹으니 맛있넹. 역시 고로케는 따끈따끈할때 먹어야 제 맛",아침에 방문,,10분 이내
5,2026년 6월 22일 월요일,역시 대전 성심당이죵~ 갓심당 다 맛있어요. 실패는 역시 없구요 아쉬운점은 일찍가서 아직 안나왔던메뉴들이 있어서 그게 조금 아쉬웠어요.온누리 결제도 가능해서 할인할때 충전해서 사용하세요,아침에 방문,예약 없이 이용,바로 입장
5,2026년 6월 21일 일요일,굳,밤에 방문,예약 없이 이용,바로 입장
5,2026년 6월 21일 일요일,케익부띠크나 성심당본점은 줄이 길었는데 샌드위치정거장은 줄이 짧았어요! 프렌치망고 추천드려용~!,점심에 방문,예약 없이 이용,바로 입장
4.5,2026년 6월 21일 일요일,빵이 맛있지만 오래 기다려야해요,점심에 방문,예약 없이 이용,2시간 이상
4,2026년 6월 21일 일요일,빵은 맛있는데 줄이 ㅜ,점심에 방문,예약 없이 이용,30분 이내
5,2026년 6월 21일 일요일,임산부라 바로 입장할수 있었어요!더운날 몸이 힘든 임산부를 배려해주셔서 무한감사합니다ㅠㅠㅠ 빵을 한가득 샀는데 넘 저렴해요!! 최고ㅠㅠ성심당 정말 애정합니다아🩵,점심에 방문,예약 없이 이용,바로 입장
4.5,2026년 6월 21일 일요일,샌드위치 너무 맛있어요,점심에 방문,예약 없이 이용,1시간 이상
4.5,2026년 6월 21일 일요일,망고와락 망고도 신선하고 빵시트가 많이 달지 않아서 좋았어요 크림도 안 느끼함! 1-2인 먹기에 양도 적당하고 추천망고롤은 망고랑 같이 망고퓨레? 쨈이 들어서 훨씬 달았어요,아침에 방문,예약 없이 이용,1시간 이상
1,2026년 6월 21일 일요일,샌드위치매장은 줄이없어서 바로들어가서 사서나오니까 빵집 줄도 짧아져서 바로 들어가서 구매했는데 줄까지 기다렸다 샀으면 후회할뻔일부러가서 줄서서 살정도로는 아닌것같아요그냥 내집앞에서 먹고싶을때 바로바로 사먹는게 맛있는거같아요 특별한맛이 있었던 빵은 없었던듯해요 케이크도....샌드위치도...그닥,아침에 방문,예약 없이 이용,10분 이내
5,2026년 6월 20일 토요일,웨이팅이 있지만 지루할 새도 없이 빨리 줄어듭니다눈으로 먹는 빵맛도 예술이네요성심당은 달리 표현할 말이 없어요성심당은 사랑입니다❤️,저녁에 방문,예약 없이 이용,10분 이내
5,2026년 6월 20일 토요일,망고시루망고시루하는 이유를 알겟네요망고 자체가 넘 마싯어요...사실 전 과일+생크림+케이크를 별로 좋아하지 않는 사람이라 망고시루 자체는 10점 중 6.5점 정도지만 망고자체는 1000점임;;; 양도 2명이서 이틀 먹기에 충분하고 보냉도 잘해주셔서 5-6시간 잘이동했어요!!!웨이팅은 토요일 오후 5시 기준 26분 걸렸고(다행)몰랏는데 시루케익 전문점이 생겻네요??? 부띠끄엿다면 1시간 이상 걸렷거나 마감이엇겟죠ㅠ 아무튼 오래 안기다리고 사서 기뻐요!!! 이제는 딸기시루나오면 먹어보고싶네요🩷 기다리는데 보니 중간중간 대기줄 바닥청소하시더라구요!?깨끗해져서 좋긴 한데 청소기에서 나오는 먼지도 많다고 하던데ㅠ 소중한 케이크를 위해 다른 방법은 없을까요?????,저녁에 방문,예약 없이 이용,30분 이내
0.5,2026년 6월 20일 토요일,매장 안에 사람들 너무 많고 들어가질 못하니 입구에서 직원이 줄 아니니 안쪽으로 들어가서 원하는 빵 고르라고 함. 그래서 안으로 들어가니 빵고르는 아저씨가 여기 줄인데 왜 줄안서고 안으로 막 들어오냐고 직원이 그런말 언제하냐고 새치기하지 말라고 짜증 냄. 다시 직원에게 돌아가서 물어보니 계속 방송하고 있다고 하는데 방송소리보다 가게 안에 웅성거리는 소리가 더 큼. 30분이상 줄 서는데 줄 설때 안내종이라도 나눠줘서 나와 같은 불쾌한 경험 하시는 분이 없었으면...,점심에 방문,예약 없이 이용,30분 이상
5,2026년 6월 20일 토요일,역시 성심당!🥹,점심에 방문,,바로 입장
5,2026년 6월 20일 토요일,거리자체가성심당이네요,점심에 방문,예약 없이 이용,10분 이내
5,2026년 6월 20일 토요일,부추빵 튀김소보루맛있어요그외에 가격이 합리적이예요대가가 있지만 빨리 빨리 빠지는편이예요,점심에 방문,예약 없이 이용,30분 이내
5,2026년 6월 20일 토요일,매번 방문합니다!,아침에 방문,예약 없이 이용,30분 이상
5,2026년 6월 19일 금요일,빵성지 성심당에 다녀왔어요빵 가격이 착해서 놀랐어요종류도 다양하고요본점.케익부띠끄.엿맛솜씨빙수. 문화원까지투어하면 반나절이 모자라요90년대 초반에 버스 타고 왔었는데 감회가 새로워요빵에 진심인 70년 스토리를 문화원에전시중이에요. 구매한 빵을 먹을 수 있는 공간도있고 굿즈등을 판매하고 있어요성심당의 세계관이 뭉클했어요재방문할거예요강추합니다,점심에 방문,,30분 이내
4,2026년 6월 19일 금요일,좋아요,점심에 방문,예약 없이 이용,바로 입장
5,2026년 6월 19일 금요일,롤케익 넘 맛있어용ㅠㅠ,점심에 방문,,
4.5,2026년 6월 19일 금요일,금요일 오전 방문했는데 생각보다 줄 별로 안 길었고 안에는 사람이 가득하긴 했음.,점심에 방문,예약 없이 이용,30분 이내
5,2026년 6월 19일 금요일,빵 종류가 다양하고 무엇보다 가격대가 정말 착해요. 명란 바게트는 구매하자마자 커팅 요청 하면서 바로 먹었을 때가 제일 맛있어요!!,아침에 방문,예약 없이 이용,10분 이내
5,2026년 6월 19일 금요일,매장이 더 넓었으면 좋겠어요. 빵은 맛있어요.,아침에 방문,,
5,2026년 6월 19일 금요일,튀김소보가  제일 맛있어요.  가성비 좋아요. 항상 대기줄은 있어요.  빵 종류도 다양하고 좋아요,밤에 방문,예약 없이 이용,30분 이내
5,2026년 6월 19일 금요일,빵지순례 1순위는 대전 성심당곤점이다시그니처 여러가지를 골라서 서울 집에서 가족들이랑 나눠먹으려고 포장하고 현지에너도 당근 맛나게 잘 먹어봤다,밤에 방문,예약 없이 이용,30분 이내
5,2026년 6월 19일 금요일,굿,밤에 방문,,
5,2026년 6월 18일 목요일,빵 종류별로 맛나용 :),저녁에 방문,예약 없이 이용,10분 이내
2.5,2026년 6월 18일 목요일,ㅇ,저녁에 방문,,
5,2026년 6월 18일 목요일,시루전문점 목요일 오후 3시 30분 이내로 들어가서망고시루 샀어요 메론롤음 품절망고시루 존맛이에요!!!,점심에 방문,예약 없이 이용,바로 입장
5,2026년 6월 18일 목요일,평일오전에가면 줄 별로 안기니 평일에 방문하세요~~부추빵은 만두피가 그냥 빵으로 바뀐맛.맛있는건 모르겠고 신기한맛이에요ㅋㅋㅋㅋ망고시루케이크는 맛있어요~,점심에 방문,,
5,2026년 6월 18일 목요일,대전의 명물 💛,점심에 방문,예약 없이 이용,바로 입장
5,2026년 6월 18일 목요일,대전직할시가 아니라 성심딩직할시인감?평일인데도 불구하고 관광객들도 무지 많아서 한참을 기다리다가 겨우 입장했다한마디로 굉장하네요,아침에 방문,예약 없이 이용,30분 이내
5,2026년 6월 17일 수요일,친절하고 맛있어요~~,점심에 방문,예약 없이 이용,바로 입장
5,2026년 6월 17일 수요일,대전 빵지순례하러 성심당에 왔어요.웨이팅있다해서 걱정했는데 아침 오픈시간에 맞춰서 오니 줄이없네요.다만 빵 몇 종류는 없긴하지만 왠만한건 다 있네요.평일 오픈런해서 편하게 빵 사세요~,아침에 방문,예약 없이 이용,바로 입장
5,2026년 6월 16일 화요일,맛있어요,점심에 방문,예약 없이 이용,10분 이내
5,2026년 6월 16일 화요일,저번에는 휴일에 와서 사람이 많았는데 평일에오니 편하게 구입해서 갑니다. 👉선물용으로 구매합니다 .,아침에 방문,예약 없이 이용,바로 입장
4.5,2026년 6월 15일 월요일,성심당은 사랑입니딘~가격 착하고 맛있어요,밤에 방문,예약 없이 이용,10분 이내
5,2026년 6월 14일 일요일,저녁 8시에 성심당 Dcc점을 갔더니 빵이 다 소진되었다길래 본점으로 갔어요 평일 마감시간대라 빵종류는 10가지 미만이었고 케익부띠끄는 바로 입장 가능했습니다🥲,저녁에 방문,예약 없이 이용,바로 입장
4,2026년 6월 14일 일요일,성심당 알러뷰 감사합니다,저녁에 방문,,
5,2026년 6월 14일 일요일,우유 빙수로 가성비 좋고 컵으로 되어있어 먹기 편해요 ㅎㅎ 망고도 맛있고 또 먹고싶어여,점심에 방문,,
5,2026년 6월 14일 일요일,일요일 오전10시에도 줄이꽤깁니다.근데 금방빠지긴해요,아침에 방문,예약 없이 이용,30분 이내
5,2026년 6월 13일 토요일,늦게갔더니 웨이팅 적어요 대신 빵 종류도 적음 ㅎㅎ,저녁에 방문,예약 없이 이용,10분 이내
5,2026년 6월 13일 토요일,성심당 본점에 들러 오징어먹물방망이 애플파이 쑥떡앙빵 샀어요 모두 다 달콤하고 맛있어요 재료도 아끼지 않고 꽉찬 맛에 만족해요 또 방문할게요,저녁에 방문,예약 없이 이용,바로 입장
5,2026년 6월 13일 토요일,좋아여,저녁에 방문,,
5,2026년 6월 13일 토요일,늘 맛있는 성심당🥖🍞,저녁에 방문,,
5,2026년 6월 13일 토요일,"대전 가면 필수로 들려야 하는 코스인 성심당! 요새 대전에 다양하고 맛있는 빵집들도 많이 생겼지만 성심당은 안 갈 수가 없는 것 같아요! 여전히 사람 많은데 직원 분들에 웨이팅 줄을 잘 끊어주시고 안내해주셔서 30분 이상 기다렸지만 그렇게 힘들지는 않았습니다! 밖에도 줄이 길지만 내부도 북적북적해서 한 번 보고 바로 골라야 하고 다시 돌아가기는 힘들긴 합니다! 말차튀소는 튀소에 말차크림, 달달한 팥이 있어 맛있었고 역시 튀김소보로 부분이 매력 포인트인 것 같아요! 말차크롸상은 비주얼은 이쁘고 크림이 많이 들어서 묵직한데 생각보다 맛은 아쉬웠어요. 김치찹쌀주먹밥은 한국인이면 누구나 좋아하는 맛입니다! 피자를치즈해는 치즈맛은 생각보다 약하고 달아요. 성심당음 종류도 다양하고 무엇보다 가격이 착해서 좋아요🧡!!",점심에 방문,예약 없이 이용,30분 이상
4,2026년 6월 13일 토요일,튀김소부루 외 다른 빵들이 순차적으로 나오는게 좀더 늦어진 느낌이라 아쉬웠지만 그래도 잔뜩 샀네요:),점심에 방문,예약 없이 이용,바로 입장
5,2026년 6월 13일 토요일,굿,점심에 방문,,
5,2026년 6월 13일 토요일,주말에오전 10시이후에는 사람 많아요빵 맛있어요,아침에 방문,예약 없이 이용,10분 이내
5,2026년 6월 12일 금요일,"성심당 항상 사람 많다고 해서 사람 많을 건 각오하고 갔는데, 다행히 매장 시스템이 잘 되어 있어서 그런지 웨이팅은 생각보다 길지 않아 금방 들어갔어요.안으로 들어가니 왜 다들 '성심당, 성심당' 하는지 바로 납득 완료 ^_^ 빵 종류가 정말 어마어마하게 많아서 집게 들고 한참을 고민했습니다.🥭 압도적인 퀄리티의 망고 라인업특히 지금 망고 시즌이라 관련 베이커리들이 가득했는데, 재료를 아끼지 않고 쏟아부은 비주얼이 진짜 예술이더라고요. 보기만 해도 배부를 정도로 꽉 찬 비주얼이 대박이었습니다.~.~",저녁에 방문,예약 없이 이용,바로 입장
5,2026년 6월 12일 금요일,대전에 볼일 있어 성심당 들러 대량구매갓 나온 튀소는 사랑임김치주먹밥도 맛있고샌드위치도 맛있음,저녁에 방문,예약 없이 이용,바로 입장
5,2026년 6월 12일 금요일,언제가도 맛있어요!! 대전오면 명란바게트 사려고 옵니다!! 다른것두 다 맛있지만 명란바게트 변함없이 맛있어요!!,점심에 방문,예약 없이 이용,30분 이내
4,2026년 6월 12일 금요일,"​두 번째 성심당 방문인데 빵 맛과 가격, 친절함은 만족스러웠습니다. 손님들 매너 덕에 밀침은 없었지만, 1층 매장 안 밀집도가 너무 높아 인파에 떠밀려 다녀야 했습니다. 최소한의 여유를 갖고 빵을 고를 수 있는 환경이 아니라 아쉬웠습니다.​특히 엄청난 인파를 헤치며 빵을 트레이째 채워 넣는 직원분의 너무 지쳐 보이는 표정이 마음 쓰였습니다. 직원 복지가 좋다고 들었지만, 이런 힘든 근무 환경은 직원분들께도 무리가 되지 않을까 싶더군요.​무엇보다 가장 우려되는 건 안전입니다. 매장 안에 사람이 너무 많아 자칫 잘못하면 인명사고가 날 수도 있겠다는 불안감이 들었습니다. 안으로 들어오는 입장 인원수를  제한하는 등, 손님과 직원 모두의 안전을 위한 실질적인 개선이 꼭 이루어지면 좋겠습니다​",점심에 방문,예약 없이 이용,10분 이내
5,2026년 6월 12일 금요일,"부추빵 다나갔는지 아쉽게 구매못했지만, 튀김소보루 갓나와서 바사삭 넘 맛나네요. 보문산메아리도 역시 맛나요~",점심에 방문,예약 없이 이용,바로 입장
5,2026년 6월 12일 금요일,명불허전 성심당👍,아침에 방문,예약 없이 이용,바로 입장
4,2026년 6월 12일 금요일,좋아요 ㅎㅎ 좋아요 😀,아침에 방문,,
5,2026년 6월 11일 목요일,역시 대전의 자랑 성심당이라 그런지 사람이 많았어요. 그래도 회전율이 좋아서 대기 인원이 빠르게 줄어들었어요.빵 메뉴가 다양하고 가격이 착해요. 맛도 너무 맛있어서 굿!,점심에 방문,예약 없이 이용,10분 이내
5,2026년 6월 11일 목요일,"옐로우망고,소금빵,망고패션,치즈퐁듀,요즘 인기를 달리고 있는 초코버터바게트등을 구매해서 먹어봤는데 역시 믿고먹는 성심당답게 퀄리티가 있고 맛있네요 소금빵이 꽤나 저렴해서 놀랐습니다",점심에 방문,예약 없이 이용,10분 이내
5,2026년 6월 11일 목요일,포장해서 왔는데 검정색의 정체가 뭘까요? 다섯번은 전화했는데 연결이 안되고 그냥 끊어지네요. 낼 다시 연락해봐야겠죠 ㅡㅡ,점심에 방문,예약 없이 이용,바로 입장
5,2026년 6월 11일 목요일,9시쯤 갔는데 밖에는 줄이 없지만 안에는 사람들 가득!! 직원분들 다 친절하고 빵도 맛있고 좋았어요!,아침에 방문,예약 없이 이용,바로 입장
5,2026년 6월 10일 수요일,"평일 저녁 7시 방문!초코바게트랑 부추빵, 말차튀소, 햄치즈크로와상 구매했어요진짜 다 너무 맛있고초코바게트는 당일에 먹어야맛잇을거같아요 냉장하고 나니 살짝 아쉬웠음 ㅜ 모든 빵은 냉동으로 ...!!!최애는 부추빵 ♥",저녁에 방문,예약 없이 이용,바로 입장
5,2026년 6월 10일 수요일,가성비 좋은 빵집온김에 들리는걸 추천,점심에 방문,예약 없이 이용,30분 이내
5,2026년 6월 10일 수요일,성심당 본점 처음 이용해봤어요. 사람 엄청 많은데 줄은 엄청 빨리 빠지네요,점심에 방문,,
5,2026년 6월 10일 수요일,"대전방문길에는 성심당을 빠질수 없죠.보문산메아리 6,000판티롱부추빵 2,000 x 2초코튀김소보로 2,000반할번 2,500김치찹쌀주먹밥 2,500 x 2레드와인빵 4,500명란바게트 3,800화쏘브레드 3,500이탈리안살시차 4,500후렌치파이 2,000",점심에 방문,예약 없이 이용,30분 이내
4.5,2026년 6월 10일 수요일,대구 성심당 빵지순례 다녀왔어요. 진짜 방 가성비도 좋고 맛있네요.#클립크리에이터,점심에 방문,예약 없이 이용,바로 입장
5,2026년 6월 10일 수요일,왜 대전 성심당인지 알게 해주는 맛이에요~ 평일에 갔는데도 사람 겁나 많음,점심에 방문,예약 없이 이용,바로 입장
5,2026년 6월 10일 수요일,가게가 좁아서 불편하지만 빵도 많고 맛있어요,점심에 방문,예약 없이 이용,10분 이내
5,2026년 6월 10일 수요일,평일 아침 오픈런바로 입장 맛있는 빵 줍줍대표메뉴 튀소가 역쉬 맛있어요다 맛있는 튀소그리고 주먹밥이 킥 찹쌀로 만들어서 쫄깃하고 맛나요,아침에 방문,예약 없이 이용,바로 입장
5,2026년 6월 9일 화요일,"오랜만에 성심당 본점에 가서 빵을 사냥하고 왔어요. 요즘 휘발유 가격이 많이 올라서 부담스러워졌지만, 그래도 늘 만족스러워요. 명란바게트나 튀소 시리즈는 언제나 좋아요. 특히 이번에 튀소 45주년으로 나온 말차튀소는 말차 크림이 진해서 진짜 맛있는데, 수량이 적어서 별로 못 샀네요.",점심에 방문,,30분 이내
4.5,2026년 6월 9일 화요일,성심당 3년 반만에 왔당😎대전은 점점 성심당 왕국에 빵 세계가 되어가는 듯😸후기보니 좀 복불복인 거 같긴 한데 주말 대부분은 웨이팅이 심하다니 평일 고고🐇12시 쯤 갔는데 5분 정도 기다렸나 웨이팅은 있었지만 바로 들어갈 정도였다🤭매장 안은 여전히 당연히 엄청 혼잡했다🙂매장 자체나 빵 종류는 생각? 기대? 보다는 크거나 많지 않고튀소시리즈와 부추빵 바게트 등 잘 알려진그리고 시그니처 빵들이 있다!이번엔 이전 방문 때 없었던 빵들과있었지만 먹어보지 않은 빵들 골고루 구입해 봤는데8개를 샀는데 23000원 나옴😯게 중 먹후기를 적자면왜 때문에 빵집에 파는 김치김치주먹밥은 고깃집에서 마지막으로 볶아먹는 김볶밥 눌어붙은 맛?🤣 나고말차튀소는 살짝 기름진 말차크림에 단팥이 더해진 튀소빵이었당😝,점심에 방문,예약 없이 이용,10분 이내
5,2026년 6월 9일 화요일,"평일 11시 방문1. 모찌식빵 쫄깃촉촉, 오보름달 담백! 상큼 블루베리파이, 고소 아몬드크루아상 등 소소하게 구입!김치찹쌀주먹밥은 안나와서 못샀.. 2. 명란바게트가 개선(?)됐어요. 전엔 명란소스가 위에있어 자를때 명란 떨어지고 그랬는데, 이제 안쪽에 있어서 잘라도 그대로에요. 3. 계산은 같이하지만, 포장 따로해야해서 쟁반두개로 담으니, 영수증에는 순서대로 찍혀서 목록 확인하기 쉽네요. 성심당 디테일 👍4. 맞은편 옛맛솜씨에서 테이크아웃 ”컵빙수“ “포장빙수”(7,000) 판매해요. 무려 “생망고빙수” 도 있고, 가격저렴! 5. 많이 사시면 쇼핑백 손목아픈데, 성심당문화원애서 “빵가방(숄더백)“ 파니 참고하셔요. (4,500원)튼튼하고 크고, 어깨끈 길고, 바닥면 넓어요.",점심에 방문,예약 없이 이용,바로 입장
5,2026년 6월 8일 월요일,판타롱 부추빵이랑 튀소구마 먹었어요~~월요일 평일에 가니까 웨이팅 없더라구요 ㅎㅎ성심당 진짜 맛있어요~~,저녁에 방문,예약 없이 이용,바로 입장
4,2026년 6월 8일 월요일,지점이 여러곳으로 나뉘어져서 빵 종류가 예전만큼 많지는 않아요. 다양하게 사려면 여기저기 돌아야 할 것 같아요,저녁에 방문,예약 없이 이용,바로 입장
4.5,2026년 6월 8일 월요일,야채고르케  정말 맛있어요울신랑은 명란 바케트 최애~~~,점심에 방문,예약 없이 이용,30분 이내
5,2026년 6월 8일 월요일,굿,점심에 방문,예약 없이 이용,30분 이내
5,2026년 6월 8일 월요일,본점은 내부가 좁지만 전부 다 맛있어 보여서 한바퀴만 돌기 어려웠어요! 식사빵 종류도 다 맛있고 빵종류가 다양하니 취향에 맞는빵 무조건 고를 수 있어요~ 임산부 프리패스와 5프로 할인까지 챙기니 가성비 너무 좋아요!,점심에 방문,,바로 입장
5,2026년 6월 8일 월요일,케이크나 롤을 좋아하는 편은 아닌데 망고롤이 맛있다고 해서 구매했는데 상상 이상으로 맛있네요. 같이  구매한 순수 마들렌도  처음인데 너무 맛 있네요. 성심당은 한 번도 실망을 주지 않네요.,점심에 방문,예약 없이 이용,바로 입장
5,2026년 6월 8일 월요일,친절하세요,점심에 방문,예약 없이 이용,10분 이내
5,2026년 6월 7일 일요일,바삭바삭하고 👍🏻맛있어요 웨이팅 없어서 완전 좋았어요😆,저녁에 방문,,
3.5,2026년 6월 7일 일요일,맛잇어요,아침에 방문,예약 없이 이용,10분 이내
5,2026년 6월 6일 토요일,best bread in korea SSD,저녁에 방문,예약 없이 이용,바로 입장
4,2026년 6월 6일 토요일,빵은 맛잇어요,저녁에 방문,예약 없이 이용,30분 이내
4,2026년 6월 6일 토요일,내 사랑 야끼소바빵 품절 소식에 슬픔만 남았던....,저녁에 방문,예약 없이 이용,바로 입장
5,2026년 6월 6일 토요일,줄이 길어도 금방 빠져서 다행이었어요! 역시 성심광역시 이번에는 선물까지 잘 사서 갑니당!!,저녁에 방문,예약 없이 이용,30분 이상
5,2026년 6월 6일 토요일,"대전에 여행가서 마지막 코스로 성심당에 들렀어요. 사람들이 엄청 많이 줄을 서서 있어서 1시간을 기다려서 본점에 들어갔어요. 빵  몇개 순식간에 사서 주차장 갔는데, 11,800원 나왔어요. 영수증으로 1만원 할인 받고 1,800원 결제 했어요. 성심당 빵은 가격 좋고 맛도 좋아요. 평일에 방문하는게 좋을 듯해요.",점심에 방문,예약 없이 이용,1시간 이상
5,2026년 6월 6일 토요일,임산부 프리패스로 처음 가본 성심당! 다양한 빵들이 많았지만 튀김소보로 가득 사온날 ㅎㅎ 기본이 제일 무난하네용😋🤎,점심에 방문,예약 없이 이용,바로 입장
5,2026년 6월 6일 토요일,좋아용,점심에 방문,예약 없이 이용,10분 이내
5,2026년 6월 6일 토요일,"대전 하면 성심당!!웨이팅 많았지만 그냥 기다려서 구입했습니다말차 튀소, 그냥 튀소 둘다 맛있습니다인정!!",점심에 방문,예약 없이 이용,30분 이상
5,2026년 6월 6일 토요일,"☆대전 최애 빵집☆주말 점심시간에 방문. 2번째 방문이라 미리 좋아하는 빵들을 생각둔터라 거침없이 빵들을 쓸어 담았어요 ㅋ대기가 많았지만 30분이내 들어가서 좋아하는 빵들을 샀어요최애 월넛브레드, 말차크롸상, 야채고로게, 김치주먹밥등을 쟁이고 새로 출시한 망고시리즈들도 사왔어요냉동실에 쟁여놓고 한동안 잘먹을것같아요 👍",점심에 방문,,30분 이내
5,2026년 6월 6일 토요일,좋아요,점심에 방문,예약 없이 이용,바로 입장
5,2026년 6월 6일 토요일,새벽에 달려가서 줄서서 맛있는빵 마구마구사왔어요주말이라 차막혀서 3시간걸려 갔는데 맛있는빵 덕분에 힘든게 1도 없었음역시👍🏻👍🏻👍🏻,점심에 방문,예약 없이 이용,30분 이내
5,2026년 6월 6일 토요일,주말이라대기줄은많았고요(당연히)중간에 양산쓰라고준비되어있고코끼리에어컨도 있고암튼 고객들이 힘들지않게 배려를많이해주시는듯빵도저렴하고.맛있고말모말모~~또 올게요ㅋ언젠가,점심에 방문,예약 없이 이용,30분 이상
5,2026년 6월 6일 토요일,언제나 맛있는 성심당,아침에 방문,예약 없이 이용,30분 이상
4,2026년 6월 6일 토요일,빵은 맛있는데 웨이팅이...ㅠ,아침에 방문,예약 없이 이용,30분 이내
5,2026년 6월 5일 금요일,임산부관련 혜택이 참 많고 너무 멋진곳입니다.,점심에 방문,예약 없이 이용,바로 입장
5,2026년 6월 5일 금요일,명란바게트 최고!!!!,밤에 방문,예약 없이 이용,10분 이내
5,2026년 6월 4일 목요일,성심당 채고~!,점심에 방문,예약 없이 이용,바로 입장
4,2026년 6월 4일 목요일,굿,아침에 방문,예약 없이 이용,바로 입장
5,2026년 6월 3일 수요일,성심당 최고!! 👍,저녁에 방문,,
5,2026년 6월 3일 수요일,늘 맛있는 성심당,점심에 방문,,
5,2026년 6월 3일 수요일,빵이 저렴한데 맛도 있어요. 왜 인기가 좋은지 이해가 갑니다..bbb,점심에 방문,예약 없이 이용,10분 이내
4.5,2026년 6월 3일 수요일,빵 진짜 많고 사람도 진짜 많고~명란 바게트 자극적인거 좋아하시면 정말 추천입니다카카오순정은 웬만큼 초코를 좋아하시는게 아니면 드시지마세요...,점심에 방문,예약 없이 이용,30분 이상
4,2026년 6월 3일 수요일,가성비짱,아침에 방문,,30분 이상
4.5,2026년 6월 3일 수요일,오! 말차튀소 맛있네요??찹쌀주먹밥인가 그건 인스타에서 맛있대서 사봤는데 별로였어요.케이크가 무거워서 사진을 많이 못 찍음 ㅜㅠ초코버터바게트 맛없음.명란바게트 가격대비 너무 맛있음,아침에 방문,예약 없이 이용,30분 이내
4.5,2026년 6월 3일 수요일,아이들이 원해 종종갑니다.가성비 좋은건 모르겠고 맛있고 좋아하는메뉴가 있어 줄서는것도 참으며 가네요~^^,아침에 방문,예약 없이 이용,바로 입장
5,2026년 6월 2일 화요일,👍🏻,저녁에 방문,,
4.5,2026년 6월 2일 화요일,처음으로 가봤어요. 평일인데도 사람이 많더라고요.,점심에 방문,예약 없이 이용,30분 이내
5,2026년 6월 1일 월요일,역시 성심당.. 빵 하나하나 다 맛있어요!,저녁에 방문,예약 없이 이용,바로 입장
5,2026년 6월 1일 월요일,평일 낮에 방문했는데 10~20분 웨이팅이 있었지만 금방 빠졌어요. 평일에 방문하는 게 좋은 것 같아요,점심에 방문,예약 없이 이용,30분 이내
5,2026년 6월 1일 월요일,역시는 역시 성심당입니다. 사람도 많고 빵도 많고 가성비도 좋고 맛도 좋습니다. 너무너무 힘들었는데 만족했어요.,점심에 방문,예약 없이 이용,10분 이내
5,2026년 6월 1일 월요일,성심당만 가면 과소비..그치만 빵을 안담을수가없어요!맛있고 좋아요~~,점심에 방문,예약 없이 이용,10분 이내
4,2026년 6월 1일 월요일,햇빛이 안그래도 뜨거웠는데앞에서 우산무료대여를 해주네요쓰고 난뒤 입장하기전 그냥 꽂는게 아니라 겉에 끈부분 부착해서 다시 넣어두면 됩니다성심당은 대전의 문화라던데여기만 사람들이 많아요평일이라도 연휴 끼여있는 샌드위치 평일은 오지마세요5월초 3시간대기래요이 날은 10분기다렸어요생일이라 성심당에서 3천원쿠폰주네요앞뒤로 3일씩해서 총 일주일이내 쓰시면되요계산시 쿠폰을 보여주지않아도직원분께 쿠폰사용한다고 얘기하면바코드만 찍어도 쓸수가 있더라구요말치크라상 DCC점에성 맛나게 먹어서본점에서 구매했는데본점이 더 달아요달아서 그런지 크림이 안에도 가득인데덜어내고. 먹었어요더 사려고하는데쟁반에 다 올라가지않아서 한번 계산후다시 담아서 또 계산했어요,점심에 방문,예약 없이 이용,10분 이내
4,2026년 5월 31일 일요일,엄청 엄청 가보고 싶었던 성심당!!사람이 엄청 많은거 치고는 줄이 금방 줄어들더라고여 ㅎㅎ주말 17시쯤 갔는데 한 15분 가량 웨이팅한 거 같습니다 무더운 날씨라 이것도 힘들더라고요ㅠㅠ근데 뭔가 기대한거치고는 맛은 약간 평범한거 같아서 솔직히 웨이팅 오래해서 먹을 정도는 아니라고 생각합니다ㅠㅠ주변사시는분들이나 여행 중 시간이 많으신 분들이 방문하면 진짜 가성비도 좋고 빵 종류도 엄청 다양하니 넘 좋을것 같아요!!! 성심당 하나 보고 방문할 정도는 아니라고 생각합니다그래도 엄청난 인기와 말도 안되는 가성비는 역시 대전의 랜드마크라는걸 다시 한번 알게 됐어요 ㅎㅎㅎ,저녁에 방문,예약 없이 이용,10분 이내
5,2026년 5월 31일 일요일,덕분에 성심당 본점 빵 구입 완료! :) 질서 있게 안내해 주셔서 고맙습니다. 대전 빵 맛집 성심당 본점https://m.blog.naver.com/holedays/224301799138,점심에 방문,예약 없이 이용,바로 입장
5,2026년 5월 31일 일요일,"대전 여행의 하이라이트라고 해도 과언이 아닌 성심당 본점을 드디어 방문했습니다🥐💛 평소 빵을 정말 좋아하는 아내와 함께라 더욱 기대가 컸는데, 매장에 들어서는 순간 다양한 빵들이 가득 진열되어 있어 눈이 휘둥그레지더라고요. 하나하나 맛있어 보여 고르다 보니 어느새 쟁반이 가득 차 있었고, 결국 빵 한 무더기를 결제하게 되었습니다😊갓 구운 빵의 고소한 향과 활기찬 매장 분위기 덕분에 쇼핑하는 내내 즐거웠고, 아내도 연신 행복한 표정을 지어 저까지 기분이 좋아졌어요. 유명한 이유를 직접 느낄 수 있었던 곳으로, 빵을 좋아하는 분이라면 대전에 방문했을 때 꼭 들러볼 만한 명소라는 생각이 들었습니다. 맛있는 빵과 함께 행복한 추억까지 담아온 만족스러운 방문이었어요✨🥖🥐🍞",점심에 방문,예약 없이 이용,바로 입장
5,2026년 5월 31일 일요일,성심당 기다리며 드세요~~~~ 시원하고 망고 맛있네용역시 주말이라 그런지 멜론케이크 품절부추빵 넘 맛있네용 명란바게트 저번에 먹고 반해서 3개 구입!!!,점심에 방문,예약 없이 이용,바로 입장
4,2026년 5월 31일 일요일,명란바게트과 부추빵은 꼭 드셔보세요 넘나 맛있습니다🩵,점심에 방문,예약 없이 이용,1시간 이상
5,2026년 5월 31일 일요일,"성심당 4번째 방문이라 이번에는 정말 침착하게 하나하나 빵을 살펴보며 신중히 골라담았습니다.성심당 빵추천은 사실 크게 의미가 없는게, 종류가 워낙 많고 재료가 듬뿍듬뿍 들어가있어서 웬만하면 다 맛있기 때문에 취향에 따라 고르면 됩니다. 저는 초코폭탄, 작은메아리, 뺑오쇼콜라(밤크림이 들어간) , 토요빵, 아몬드크루아상, 말차크루아상 샀어요.밤 크림이 들어간 뺑오쇼콜라가 기대보다 맛있어서 놀랐어요. 밤의 고소하게 풍겨나오면서 밑에 깔린 초코렛이 달콤함을 더해주고 패스트리의 바삭함 때문에 식감도 좋아요. 성심당은 때마다 새로운 빵들이 나와서 고르는 재미가 있는 것 같아요.",점심에 방문,예약 없이 이용,바로 입장
1,2026년 5월 31일 일요일,이 무더위에 줄서다가 사람 쓰러졌는데도 알바들 빵 파는데 정신팔려 아무 대처도 안하고. 대기줄에도 알바들 배치하던가. 안전장치를 마련하던가...빵장사 이전에 사람을 먼저 생각하는 기업이 돼라.,점심에 방문,예약 없이 이용,2시간 이상
5,2026년 5월 31일 일요일,웨이팅 한 보람 있어요 너무 맛있어요 😊 명란바게트 초코버터바게트 최고입니다,아침에 방문,예약 없이 이용,30분 이상
4.5,2026년 5월 31일 일요일,오랜만에 부추빵!! 만두같이 맛잇떠여어!작은메아리 드뎌 먹어봣떠요 짱맛!김치주먹밥먹고싶엇는데 9시부터 품절..ㅜㅜ 흑카레 고로케는 꼭 드세용! 짱맛!!,아침에 방문,예약 없이 이용,바로 입장
5,2026년 5월 31일 일요일,주말오픈런했는데 오픈시간보다 일찍가세요~~빵 한가득 샀는데 5만원조금 넘게 나왔어요 가성비 좋네요ㅋㅋ,아침에 방문,예약 없이 이용,30분 이내
5,2026년 5월 30일 토요일,🥭 🍞 🥯 🥐 🥖 🤤😋,저녁에 방문,예약 없이 이용,바로 입장
4,2026년 5월 30일 토요일,빵지순례에 기다림은 필수,점심에 방문,예약 없이 이용,30분 이상
5,2026년 5월 30일 토요일,리뷰가 필요없는 곳이지요^^첨 가보지만 대기해도 만족!의외의 선물은 마구잡이로 만들어진듯한 삼각김밥도 별미였어요,점심에 방문,예약 없이 이용,30분 이내
5,2026년 5월 30일 토요일,👍👍👍👍👍👍👍,점심에 방문,예약 없이 이용,30분 이내
4,2026년 5월 30일 토요일,"7시45분에 도했음에도 저처럼 잠없으신 분들 많으신건지 매장에 사람 어느정도 있어서 깜놀🤣🤣케익부띠끄는 어마무시해서 줄 설 수 없었음ㅋㅋ역시 빵순이 빵지순례 주기적으로 해야함ㅋㅋ샌드위치🥪는 지하에서 구매하는거라 잠시 대기한 후 바로 구매✌️애플브리치즈, 애플바질잠봉 둘다 마싰었음😁",아침에 방문,예약 없이 이용,바로 입장
3.5,2026년 5월 30일 토요일,"옛날에는 본점 말고 다른곳은 생각할 수도 없었는데 지금은 딱 한국 주식시장 같이 되어버렸다.그냥 성심당 본점으로 장사하다가 케이크 디저트 잘팔리니까 케익 부띠크로 물적분할해서 옆 가게로 자회사 상장그 후에 샌드위치 잘 팔리니까 샌드위치도 분할해서 내보내기그 이후에는 케익 부띠크가 시루로 대박나니까 시루까지 부띠크에서 떼어서 성심당 시루케익 전문점으로 분할이 지경까지 이르니 본점갈 이유가 많이 줄어든게 사실이지만, 줄도 그만큼 줄어들어서 주말에도 대기없이 들어가는게 가능해졌으니 오히려 좋은가 싶기도 하다.",아침에 방문,예약 없이 이용,바로 입장
3.5,2026년 5월 30일 토요일,주말엔 피해야하는 본점,아침에 방문,예약 없이 이용,30분 이상
4.5,2026년 5월 29일 금요일,빵맛있어요~,저녁에 방문,예약 없이 이용,바로 입장
5,2026년 5월 29일 금요일,"옐로우망고 맛있어요 올라간 망고와 망고크림 그리고 부드러운 빵이 잘 어울립니다튀소는 말차튀소, 고구마튀소, 초코튀소 전부 맛있습니다 냉동하고 에프 돌리면 똑같이 맛있으니 넉넉히 사도 됩니다 김치찹쌀주먹밥은 튀긴거라 늦어도 당일 안에 먹는게 좋습니다  강추반미도 맛있어요",저녁에 방문,,바로 입장
2.5,2026년 5월 29일 금요일,5월 29일 금요일 오후 5시쯤 갔는데 결제할때 따로 결제&따로 담아달라 말씀 드려서 안경쓴 젊은 여성분은 알겠다고 들으셨는네 결제하시는 키 크신 젊은 남성분 ^^_ ~~~본인이 못들어두고 ㅋㅋ 포스기에 다 담아서 누르셔서 한번 더 말해주니 한숨을 대놓고 푹~... ㅋㅋㅋㅋ 대놓고 티내는 한숨이라 너무 어처구니가 없었음 ㅜㅜ진짜 개빡쳤어용 ㅎㅎ 처음으로 성심당 갔는데 알바인지 태도가 ㅋㅋ 다른분들은 다 착했어용~~,저녁에 방문,예약 없이 이용,30분 이내
5,2026년 5월 29일 금요일,대전의 성심당 너무 재밌고 알차게 방문했어요다양한 빵들이 가격도 착하고 맛도 좋아서 다음 번에도꼭 다시 방문하겠습니다,점심에 방문,예약 없이 이용,30분 이내
5,2026년 5월 28일 목요일,좋아요,점심에 방문,예약 없이 이용,바로 입장
5,2026년 5월 28일 목요일,"목요일 오전 9시 10분경 방문, 대기줄 없음.케익부띠크, 샌드위치정거장, 본점, 문화원 전부 대기줄 없었음.오랜만에 방문하니 처음보는 빵들도 많았고오후에 방문했을 때보다 비교적 사람이 적어서 빵 고르기 훨씬 수월했습니다.계산줄은 매대마다 한줄서기하면 됩니다. 지점별 1만원 이상 결제시 1시간 무료 주차권을 줍니다.(영수증 하단에 바코드 붙어있음)",아침에 방문,예약 없이 이용,바로 입장
5,2026년 5월 27일 수요일,평일 오후7시 성심당 웨이팅이 없고 빵 가지수도 좋네요 !,저녁에 방문,예약 없이 이용,바로 입장
5,2026년 5월 27일 수요일,"망고롤 달달달콤해서 너무 맛있어요~~!!역시 빵은 성심당이 최고고, 딸기시루에이어 망고롤케이크 두번째 도전인데 넘넘 만족스럽습니다~~!기다린보람이있어요",점심에 방문,예약 없이 이용,30분 이내
5,2026년 5월 27일 수요일,야구 없는 평일 낮엔 줄 많이 안 길다아몬드 크로와상말차 크로와상말차튀소퀸아망크림치즈화이트번작은메아리강추,점심에 방문,예약 없이 이용,10분 이내
5,2026년 5월 27일 수요일,빵 맛있어요 명란바게트 최고 👍 빵 종류가 많아 👍역시 성심당,점심에 방문,예약 없이 이용,바로 입장
5,2026년 5월 27일 수요일,역시 빵 너무 맛있는데요?,아침에 방문,예약 없이 이용,10분 이내
5,2026년 5월 26일 화요일,말차튀소~ 굿,밤에 방문,,
5,2026년 5월 26일 화요일,굿,저녁에 방문,예약 없이 이용,바로 입장
5,2026년 5월 26일 화요일,성심당 빵맛이야 말모😋 평일 저녁시간에 방문했더니 웨이팅 없이 빵겟👏🏻,저녁에 방문,,
5,2026년 5월 26일 화요일,들뜬 마음으로 성심당 본점방문🛐 웨이팅 없길 기도햇는데 평일 오후 4시경은 다행히 바로 입장가능했다🅰️ 투표빵이 새로 나왔다♻️ 아마 투표날까지 운영하는 특수목적으로 제작된 빵인것같다🎟 항상 포장해갔던 성심당 시그니처인 보문산 메아리는 이날 좀 쉬어가는걸로하고 대신 모찌모찌식빵으로 대체구매하였다🏕 집에 있는 블루베리잼을 발라서 먹으니 더 맛이 조화로웠다👀 빵 하나 가격대가 거의 2~3천원수준을 벗어나지않는 저가 수준대이지만 퀄리티는 이태껏 먹어본적없는 최상급 품질을 자랑한다🛍 특히 이번에가니 성심당 본점에서 한 직원이 멘트를 선창하면 나머지 전직원이 후창하는 포인트가 뭔가 모르게 소름 돋았다🎶 성심당 주차는 역시 믿을수있는 정오주차장 추천!,저녁에 방문,예약 없이 이용,바로 입장
5,2026년 5월 26일 화요일,"정말 본점에 오랫만에 웨이팅 성공^^ 오후 에 도칙하고 10분만에 입장 성공!! 명란바게트, 부추빵은 언제나 맛있어요^^ 이날도  매장안에 인파가 북적 북적이자만 이것 저것  골라도 푸짐해서 기분좋게 득템하고 갑니다!!! 성심당 번창하길!",점심에 방문,,10분 이내
5,2026년 5월 26일 화요일,빵이 하나같이 다 맛있어요! 믿고먹는 성심당😋,점심에 방문,,
5,2026년 5월 26일 화요일,먹느라사진 찍는 거 깜박...새우낙지고로케 매콤하구 야끼소바빵 맛나요물론 탄수화물폭탄이라 배탈낫지만 그래도 낼또 먹고싶음,점심에 방문,,
5,2026년 5월 26일 화요일,"서울에서 창원으로 내려오는 길에 성심당 튀김소보로가 생각나서 대전을 경유해 방문했어요. 이번에는 형제세트를 구매했는데, 튀김소보로 3개와 튀소구마 3개로 구성되어있어 두 가지 대표 메뉴를 모두 즐길 수 있어 좋았어요. 바삭한 겉면과 달콤한 속이 역시 기대를 저버리지 않았어요. 이번에 처음 먹어본 ㅡ우유고로케와 ㅡ야채고로케도 정말 만족스러웠어요.우유 고로케는 부드럽고 고소한 맛이 매력적이었고,야채 고로케는 속 재료가 알차고 담백해서 부담 없이 먹기 좋았어요. 왜 성심당이 대전 대표 빵집으로 사랑받는지 다시 한번 느낀 방문이었어요. 다음에 대전을 지나게 되면 또 들러서 다양한 빵을 구매할 예정이에요.",점심에 방문,예약 없이 이용,10분 이내
4.5,2026년 5월 26일 화요일,맛있어요,밤에 방문,예약 없이 이용,10분 이내
5,2026년 5월 25일 월요일,"오랜만에 먹어도 맛있는,,🤍🥖",점심에 방문,예약 없이 이용,
5,2026년 5월 25일 월요일,성심당 빵 맛있더라구요 기다리는건 어쩔수 없다교 생각합니다.,아침에 방문,예약 없이 이용,1시간 이상
4,2026년 5월 25일 월요일,오픈 8시 전에 입장하게 해줘요~ 빵 먼저 사고 케익사는거 추천드려요~ㅎㅎ,아침에 방문,예약 없이 이용,1시간 이상
5,2026년 5월 24일 일요일,"■ 성심당 본점 ■주말 점심, 오후 웨이팅은 최소 2시간 각오하세요저녁 7시에 가도 최소 1시간 ^^그래도 성심당은 사랑입니다. 국내 최고 베이커리.굿",저녁에 방문,예약 없이 이용,2시간 이상
5,2026년 5월 24일 일요일,좋아요 :),점심에 방문,예약 없이 이용,2시간 이상
5,2026년 5월 24일 일요일,성심당 최고..👍,점심에 방문,예약 없이 이용,2시간 이상
4.5,2026년 5월 24일 일요일,대전 약속있어서 들렀어요! 대전갈일 있을때 들리기 좋아요,점심에 방문,예약 없이 이용,1시간 이상
4,2026년 5월 24일 일요일,좋아요,아침에 방문,예약 없이 이용,30분 이내
5,2026년 5월 23일 토요일,임산부 프리패수 너무좋아용천사 친구가 같이 도와줘서 편히 담았어용,밤에 방문,예약 없이 이용,바로 입장
4.5,2026년 5월 23일 토요일,대전하면 무조건 방문해야되는 성심당빵많고 역시 좋아요 저녁에 가도 웨이팅 있어요(주말기준),저녁에 방문,예약 없이 이용,30분 이내
1,2026년 5월 23일 토요일,사람이 너무 셀 수 없이 많은데직원분이 매장 안에 계속 들여 보내서빼곡 채워져서는 움직이는 것도 힘들고빵을 고르는 것도 힘들었네요빵은 맛있지만 불편한 시스템 때문에 안갈 듯 ㅠㅠ,저녁에 방문,예약 없이 이용,30분 이내
4,2026년 5월 23일 토요일,가성비 너무 좋아요 맛은 물론,저녁에 방문,예약 없이 이용,10분 이내
4.5,2026년 5월 23일 토요일,다양한 빵 구비... 맛있어요..,저녁에 방문,예약 없이 이용,1시간 이상
5,2026년 5월 23일 토요일,"기다림이 지루했지만, 사진에는 없는여러가지 샌드위치까지맛있게 잘 먹었습니다",점심에 방문,예약 없이 이용,1시간 이상
5,2026년 5월 23일 토요일,아버님 사드렸는데 맛있다고 좋아하셨어요 ㅎ,점심에 방문,,바로 입장
5,2026년 5월 23일 토요일,임산부혜택으로 편하게 구매했어요 ㅎㅎ빵 너무 맛있구 순수롤 최고입니당👍🏻👍🏻👍🏻👍🏻,점심에 방문,예약 없이 이용,10분 이내
5,2026년 5월 23일 토요일,주말 토요일 방문 대기 줄이 어마어마 합니다. 한참을 기다려서 정신없이 담아 구매해서 왔는데더 살걸 하는 아쉬움이 많았어요 ㅠㅠ모든 제품 다 맛있어요. 빵이 기본적으로 너무 맛있네요. 먼 거리를 가는데 손이 부족해 더 사고 싶어도 못 사는정말 우리집 앞에 있었으면 하네요. ㅠㅠ,점심에 방문,예약 없이 이용,1시간 이상
4.5,2026년 5월 23일 토요일,이제 빙수의 계절이니 성심당 팥빙수 먹어줘야죠.오랜만에 먹는데 떡이 크게 세 개 들어있네요.떡은 작게 여러개 있는게 좋은데^^;;그래도 맛있습니다.포장용기 안에 드라이 아이스 들어있어서 30분 정도는 괜찮았어요.,아침에 방문,예약 없이 이용,10분 이내
5,2026년 5월 22일 금요일,"성심당에서 아직 안 먹어본 새로운 빵에 도전~! 토요빵🍠, 마라미 고로케👍, 우유고로케!토요빵은 적색 고구마로 만든 빵이고 겉면은 달달한 소보루, 속에는 타피오카가루로 만든 찰떡이 들어있는 담백하고 다양한 식감을 느낄 수 있는 빵!가격도 저렴(3800원)하고 크기도 크고 담백하게 맛있기까지하니 굿!👍마라미 고로케!! 포장 종이 뒷면에 마라미 고로케 탄생기가 적혀 있는데 내용을 읽기 전에도 한입 먹지마자 오! 맛있다 했는데 내용을 읽으니 이 빵이 나오기까지 엄청난 노력이 담겨있다는 것이 느껴져서 더 맛있게 느껴졌습니다!!!👍 생각보다 마라맛은 잘 안느껴지는데 그래서 더 좋음!우유고로케는 우유 크림 식감도 독특하고 빵 겉에 우유랑 어울리는 콘푸라이트기 붙어있는 것이 아이디어가 좋다 느껴졌어요!",저녁에 방문,예약 없이 이용,바로 입장
3,2026년 5월 22일 금요일,솔직히 그닥,저녁에 방문,예약 없이 이용,
5,2026년 5월 22일 금요일,임산부 프리패스로 오래 기다리지 않고 입장해서 좋았음 빵도 맛있고 저렴-♡,저녁에 방문,예약 없이 이용,10분 이내
5,2026년 5월 22일 금요일,"대전 하면 빼놓을 수 없는 성심당🥐종류가 워낙 다양해서 들어가자마자 뭘 담아야 할지 행복한 고민튀김소보로는 겉은 바삭하고 안은 달달해서 왜 유명한지 바로 이해됐고, 빵들이 전체적으로 자극적이지 않으면서 기본기가 탄탄한 느낌이었어요. 갓 나온 빵 냄새 맡으니까 계속 집게 들게 되는 마법매장 회전도 빠른 편이라 사람 많은 것치고 답답함은 덜했고, 빵 좋아하는 사람이라면 한 번쯤 꼭 들러볼 만한 곳",저녁에 방문,,
5,2026년 5월 22일 금요일,■ 성심당 본점 ■대한민국 최고의 베이커리모든 빵이 다 맛있어요굿,저녁에 방문,예약 없이 이용,2시간 이상
4.5,2026년 5월 22일 금요일,굿,점심에 방문,,
5,2026년 5월 22일 금요일,"본점에서만 산건 아니지만요, 진짜 가성비 최고의 망고시루와 망고타르트네요. 다른빵들도 가성비 최고입니다. 물로 사람마다 입맛도다르고 좋아하는게 다를거지만요, 저는 망고시루가 진짜맛있었구요, 적당히 크림도있어서 계속 먹을수있었던것같아요. 그리고 보문산메아리가 딱 제스타일이에요ㅎㅎ 비슷한종류의빵을 다른곳에서도팔지만 여기꺼가 젤루맛있었습니다.줄설때 시원한바람도나오고, 햇빛가릴 우산도 빌려주시고, 생각보다 긴 줄도 금방빠져서 좋았어요!  또올게요~~ 금방 또갈것만같아요ㅎㅎ",점심에 방문,,30분 이상
4,2026년 5월 22일 금요일,맛있어요,점심에 방문,예약 없이 이용,바로 입장
5,2026년 5월 22일 금요일,금요일 오전 결제까지 딱 20분 정도 걸렸고 한아름 샀는데 5만원 나왔어요ㅎㅎ,점심에 방문,예약 없이 이용,30분 이내
5,2026년 5월 22일 금요일,평일 아침 웨이팅은 없고 계산하려면 줄 좀 서야됨주말에가면 혼돈의 카오스 그 자체...,아침에 방문,예약 없이 이용,바로 입장
4.5,2026년 5월 22일 금요일,가성비가좋아요,아침에 방문,예약 없이 이용,30분 이내
5,2026년 5월 21일 목요일,"5/21(목)  17:00 방문후기본점줄은 너무길어 줄서기 포기케익부띠끄는 프리패스(줄없음)시루매장(줄없음)샌드위치 정거장(줄없음)아쉬운 마음을 뒤로하고 샌드위치 정거장으로 발걸음을 돌렸음. 근데 내가 좋아하는 이탈리안샌드위치 품절ㅠ.ㅠ 대부분의 샌드위치 품절ㅠ.ㅠ/잠봉뵈르, 애플브리지,멕시칠리핫독, 야끼소바빵등 몇가지만 남아있음.  차선책으로 맥시칠리핫독 구입. 소시지 식감이 좋음. 1개 7800원인데 거의 2인분 수준.  약간 매운맛소스가 가미됨.  케익부띠끄 들러 초코마들렌이랑 파운드케익 추가구입후 귀가.  아~~~성심당 본점은  언제 갈수있을까? 말차튀소랑 말차크로와상 먹고싶당#성심당줄서기#대전여행#오늘클립챌린지#빵지순례",저녁에 방문,예약 없이 이용,바로 입장
5,2026년 5월 21일 목요일,본점 오랜만에 왔는데 빵들 크기가 롯데지점보다 더 큰 느낌이 들더라구요? 매장 내부는 생각보다 작았어요! 비오는날에 가서 그런지 웨이팅 거의 안하고 들어갈수있었어요.,점심에 방문,예약 없이 이용,10분 이내
4,2026년 5월 21일 목요일,"대전의 성지 성심당 본점이른 시간인데도 이미 품절된 것들이 있어 계획했던것 중 못산것도 있었음샌드위치 줄은 따로였고, 애플브리치즈와 빵 여러가지 사왔는데 기대보다는 그냥저냥브리치즈는 바게뜨빵이 너무 질겼고 굉장히 달다일반빵들도 당도가 상당히 있고 사온것들 대부분 그냥 쏘쏘 했음. 딱 뭐가 맛있다 이런 생각은 안들음직원분들 친절하셨고, 비오는 날이라 빵 쇼핑백에 비닐커버를 해주신것이 인상깊었다",아침에 방문,,
5,2026년 5월 20일 수요일,빵 종류도 많고 착한 가격에 맛있는 빵들 많이 먹을 수 있어서 좋아영,아침에 방문,,10분 이내
5,2026년 5월 20일 수요일,비온는수요일 주중이라  운좋게 줄안서고입장말차소보루랑 16겹망고파이 말차소보루는 말차크림이 조굼만 덜달았으면 훨씬 맛있었을거같은데 좀달다 16겹망고파이가  단정도가   상.중.하중 하 맛있었다,아침에 방문,예약 없이 이용,바로 입장
5,2026년 5월 19일 화요일,단팥빵 고로게와 오늘 처음 사 본 망고빵들~소박하지만 행복한 만찬이 되었어요 갓 만들어 나온 야채고로게 따뜻하게 맛있게 먹었고 망고빵도 망고 가득이어서 대박 만족하며 금방 다 먹었어요 가성비갑 맛있는 빵들 만드는 성심당 최고네요!! 민족합니다 망고빵 추천요,저녁에 방문,예약 없이 이용,바로 입장
5,2026년 5월 19일 화요일,성심당을 동네빵집처럼 가지만 알고보면 용인 사람.. 여름이라 적당히 사고 갑니다.맛이나 가격이나 언제나 만족스러운 빵집..,점심에 방문,예약 없이 이용,30분 이내
5,2026년 5월 19일 화요일,"여름이라 망고데니쉬, 망고롤 구매했어요 역시 🥭 체고시다...😊 언제먹어도 아몬드 크롸샹은 넘버1이고요 찹쌀주먹밥도 추천영상 많길래 처음 도전했는데 갠적으론 기름지고 밸루였어요 ㅜㅜ 그리고 옆건물가서 순수롤 꼭사셔요 진짜진짜 너무 맛있습니다 인생롤이야!",점심에 방문,예약 없이 이용,30분 이내
5,2026년 5월 19일 화요일,다먹고 찍었네요본점가면 맘모스 꼭 챙겨 와요역시 성심당은 가격도 착하고 재료도 좋아요,점심에 방문,예약 없이 이용,바로 입장
5,2026년 5월 19일 화요일,"성심당 is a must-visit bakery in Daejeon. The bread is fresh, affordable, and full of flavor, especially the famous 튀김소보로. Great variety, friendly service, and definitely worth the wait!",아침에 방문,예약 없이 이용,바로 입장
5,2026년 5월 19일 화요일,굿굿,밤에 방문,,
5,2026년 5월 18일 월요일,"날이 더우니 곳곳에 대형양산 준비해두셔서 잠시 빌려서 잘 썼습니다. 밖에서 대기줄 정리해 주시는 직원분들도 항상 넘 친절하세요. 이런 세심한 배려에 기다리는 시간이 하나도 힘들지 않네요. 평일이지만 월요일이라 주말같이 붐비는 느낌이에요귀여워서 사본 투표해요앙팡 맛있네요! 팥+ 메이플시럽 맛이 포인트에요. 맷돌로갈은통밀빵 4,5 (<~ 이거 넘 고소해서 👍)카레고로케 2,8 (고로케 중 카레, 낙지 👍)말차튀소 3.0 (튀소종류는 바로 먹어야 더 👍)투표해요앙팡 2.0  슈크림빵 2.0 스테이크빵 2.3김치찹쌀주먹밥 2.5 👍오보름달 2.8 (이거 에프에 살짝 구움 👍)20일만애 대전 또 온거라오늘은 소소하게 담았습니다. 이제 키친테라스에서 생망고빙수 먹을려고요.",점심에 방문,예약 없이 이용,30분 이내
5,2026년 5월 18일 월요일,🙂,점심에 방문,,
5,2026년 5월 18일 월요일,평일인데도 사람들 많아서 줄섰어요. 그래도 방학시즌만큼 줄이 길진 않았어요. 날씨 엄청 더웠는데 양산 준비해줘서 좋았어요⛱️ 빵맛있고 특히 보문산메아리 맛있어요! 망고있는 빵도 먹었는데 망고 잘익었더라구요👍,점심에 방문,예약 없이 이용,
5,2026년 5월 18일 월요일,태어나서 샀던 빵 중에 제일 컸어요.,점심에 방문,예약 없이 이용,바로 입장
5,2026년 5월 18일 월요일,왜 성심당 성심당 하는지 알 것 같아요 노잼도시 대전의 유일한 희망 맛있고 저렴한 가격 성심당때문에 대전가지 아니면 그다지 갈 일 없는 도시,아침에 방문,,
5,2026년 5월 18일 월요일,가격이 싸요,밤에 방문,예약 없이 이용,10분 이내
5,2026년 5월 17일 일요일,오후7시 넘어 방문하니 바로 입장가능👏🏻,저녁에 방문,,
5,2026년 5월 17일 일요일,"성심당 본점~ 한달에 한번은 방문하는 감히 대한민국 1등 빵집이라 말할 수 있는 성심당~ 주말 저녁식사를 은행동에서 한뒤방문하였는데, 저녁 7시 쯔음 방문하여 웨이팅이 별루 없어서 10여분 대기 후 입장하였다. 요시간대 방문은 정말적게 대기하고 입장 가능하니 저녁시간대 방문을 추천합니다. 빵을 아버지네꺼 포함 잔뜩 샀는데도 5만원도 하지 않는 이 극강의 가성비~ 빵들도 다 크고 너무나 맛이 좋아서 정말 수십년째 오고있지만 멈출수가 없는 성심당s 이번에 정말 꼭 추천하고픈건 말차크로와상과 김치찹쌀주먹밥 완전히 핵강추드립니다. 말차크로와상은 깊은 말차맛에 크림이 듬뿍 담겨져서 맛이 아주 훌륭한 와이프님 원픽! 김치찹쌀주먹밥은 너무 쫀득하고 누른밥에 김치에 볶아서 김가루가 버무려져 아는맛인데 최고임👍👍",저녁에 방문,예약 없이 이용,10분 이내
5,2026년 5월 17일 일요일,일욜 저녁 6시쯤 갔는데 10분정도 기다리고 들어갔어요! 빵 종류도 많이 있고 김치찹쌀밥 많이 있어서 좋았습니다,저녁에 방문,예약 없이 이용,10분 이내
5,2026년 5월 17일 일요일,와 예전에 비하면 웨이팅 많이 줄었네요! 안에서 정신이 하나도 없는거 제외하곤 좋아요. 빵도 크고 맛있어요! ㅠ 대전 살고싶다,점심에 방문,,30분 이상
5,2026년 5월 17일 일요일,굿,아침에 방문,,30분 이내
4,2026년 5월 17일 일요일,^^,아침에 방문,예약 없이 이용,10분 이내
5,2026년 5월 17일 일요일,대기줄이 어마어마함🥲오후 느즈막한 시간에 가니 덜 기다렸어요☺️,아침에 방문,예약 없이 이용,30분 이내
5,2026년 5월 16일 토요일,망고 시리즈 맛있어요,저녁에 방문,예약 없이 이용,바로 입장
5,2026년 5월 16일 토요일,좋아요,저녁에 방문,,
4.5,2026년 5월 16일 토요일,밤9시에도 사람이 진짜 많네요.역시 성심당이네요망고가 어마무시합니다.망고시루가 짱이에요,저녁에 방문,예약 없이 이용,10분 이내
5,2026년 5월 16일 토요일,성심당은 역시 성심당!! 이번에도 맛있는 빵 잔뜩 사왔어요~~ 먹물방망이랑 명란바게트가 이번엔 특히 맛있군여,점심에 방문,,10분 이내
5,2026년 5월 16일 토요일,성심당 굿 ~,점심에 방문,예약 후 이용,30분 이상
5,2026년 5월 16일 토요일,평소에는 품절이라 보지못하는 빵들이 많이 남아있어서 왕창왕창 구매! 한밭수목원에 피크닉 가서 시루와 함께 먹었는데 너무너무 맛있었다!,점심에 방문,예약 없이 이용,10분 이내
5,2026년 5월 16일 토요일,너무 맛있고 사람 진짜 많았는데 알바분들이 잘 대응해줘서 빠르게 사고 나올 수 있었어요!! 최고!!,점심에 방문,예약 없이 이용,30분 이상
5,2026년 5월 16일 토요일,거리가 멀어도 한번씩 가는 성심당😝❤️ 거리가 먼만큼 간 김에 갈 때마다 빵 잔뜩! 너무 맛있고 가성비 최고👍🏼성심당 하는 이유가 있음!🥖🍞🥐🥨,아침에 방문,예약 없이 이용,30분 이내
4,2026년 5월 16일 토요일,주말 대전 여행 왔어요. 잘 먹을게요,아침에 방문,예약 없이 이용,바로 입장
4.5,2026년 5월 16일 토요일,"‼️성심당 본점은 오픈 30분 전에 미리 개방해주시니까 오픈런하실 분들은 7시 30분 전까지 오세요‼️‼️토요일 오픈런 했는데, 7시 10분에 도착해서 줄 섰고 약 20분 가량 기다린 것 같아요. 본점은 회전률이 빨라서 금방금방 빠져요. 성심당이 처음이시라면, 튀소, 말차튀소, 명란바게트, 아몬드크로와상, 치즈퐁듀, 김치찹쌀주먹밥 필수‼️‼️로 구매하시길 바랍니다. 저는 이번에 그 유명한 김치찹쌀주먹밥을 먹어봤는데, 너무 맛있었어서 한 개는 냉동실에 쟁여놨습니다… 츄베릅",아침에 방문,예약 없이 이용,30분 이내
5,2026년 5월 15일 금요일,"대전 와서 즐겨먹는 성심당 최애빵 단팥빵과 고로게로 오늘도 넘 행복하네요 빵 하나하나에 성심당의 오래된 진심, 맛과 정성이 가득 담겨있네요 맛있는 빵 만들어주셔서 넘 감사해요 또 사러갈게요 번창하세요",저녁에 방문,예약 없이 이용,바로 입장
4,2026년 5월 15일 금요일,굿,아침에 방문,,30분 이내
5,2026년 5월 14일 목요일,사장님 감사히 잘 먹었습니다. 야채와 고기를 마음껏 먹었네요. 포항 안경외길 25년차 안경박사입니다. 안경이나 콘택트렌즈 필요하시면 방문해주세요. 꼼꼼하게 검안해드리겠습니다.,저녁에 방문,예약 없이 이용,바로 입장
5,2026년 5월 14일 목요일,굿,점심에 방문,,바로 입장
5,2026년 5월 14일 목요일,한달만에 재방문한 성심당💛 평일에 방문하니 10분만에 들어갔어요ෆ 역시나 맛있고 가성비 있는 빵🥐🥖🥪,점심에 방문,예약 없이 이용,10분 이내
5,2026년 5월 14일 목요일,성심당본점에서 튀소와 몇가지 빵을 사왔어요튀김소보로가 유명하지만 다른 빵도 맛있었어요~~^^,점심에 방문,예약 없이 이용,1시간 이상
5,2026년 5월 14일 목요일,남자친구가 말차크로와상을 못먹어봣다해서 사러왓어욘~~ 회사랑 가까워서 평일 낮 11시쯤 방문했는데 줄 별로 안길어서 30분정도 웨이팅한거같습니다!! 성심당 올때마다 느끼는게 너무 기빨려요 가게 안에서 밀치고 여기저기서 잠시만요~~ 지나갈게요~~ 빵은 봐야하고.. 대전에 9년 살면서 느끼는데 확장 좀 햇으면 좋겟어요;; 직원분들도 너무 피로할듯,점심에 방문,예약 없이 이용,30분 이내
5,2026년 5월 13일 수요일,"대전 빵지순례의 상징, 성심당 본점🍞1956년 대전역 앞 찐빵집에서 시작한 작은 빵집이 이제는 전국을 대표하는 빵집이 되었어요🥹웨이팅 피하려고 평일 저녁 7시 넘어서 갔는데 운 좋게 바로 들어갈 수 있었어요🙏🏻다만 없는 빵 종류가 많아서 되도록 일찍 오는걸 추천드려요🔥이날 기준 크림치즈화이트번, 튀김소보로, 튀소구마, 소금빵, 크루아상, 애플파이는 충분히 남아있었고 작은메아리, 명란바게트는 아쉽게도 없었어요🥯대신 사람이 많이 없어서 계산도 바로 했고 여유롭게 볼 수 있어서 좋았어요~‼️ 늦은시간에 가서 빵들이 만들어지는 과정은 못봤지만 살 빵들이 다 있어서 만족스러워요👍🏻주차 정산 받으시려면 영수증 반드시 챙기셔야 하세요😊온누리상품권(디지털온누리) 가능하니 꼭 혜택받으세요🩷",저녁에 방문,예약 없이 이용,바로 입장
4.5,2026년 5월 13일 수요일,"처음엔 유행하는 빵만 먹었었는데,몇번 가서 먹다보니 기본빵이 제일 맛있는것 같아요ㅎㅎ 착한가격에 먹는 맛있는 빵!",점심에 방문,예약 없이 이용,10분 이내
4,2026년 5월 13일 수요일,굿,점심에 방문,,10분 이내
5,2026년 5월 12일 화요일,굿,저녁에 방문,,
5,2026년 5월 12일 화요일,언제나 손님이 가득이지맘 오늘은 그나마 수월하게 빵 샀습니다. ^^,저녁에 방문,예약 없이 이용,바로 입장
1.5,2026년 5월 12일 화요일,빵 하나에??? 6000원이 넘음???... 이거 실화... 아무리 빵이 맛있어도 6000원.... 후... 일단 여동생이 사달라고 해서 샀는데 돈 아깝..,저녁에 방문,예약 없이 이용,바로 입장
5,2026년 5월 12일 화요일,평일인데도 사람이 많았어요 과일시루 진짜 맛있네요,저녁에 방문,예약 없이 이용,바로 입장
5,2026년 5월 12일 화요일,말해뭐해요 ㅋㅋ 성심당은 맛잇죠 ㅎㅎ 대전사람인데 .. 주말에는 힘드니 평일에 가기,저녁에 방문,예약 없이 이용,바로 입장
0.5,2026년 5월 12일 화요일,평일이라 줄도 별로 안긴데 손님도 직원도 지나가지 못할정도로 꾸역꾸역 넣는건 뭔 정신머리로 진행 하는건지 감도 안잡여요. 인내심 테스트하는것도 아니고 빵대신 엿먹어봐라 이런건가요?덩치큰 여성분이 빵 정리하는데 빵집어갔다고 사람을 1분넘게 야리던데 직원교육 똑바로 시키세요.거기서 뭐 사람 다 트레이로 치고 밀고 난리도 아닌데 직원 눈치까지 봐가면서 움직이길 바라면 이꼬라지로 운영을 하질 말던가요.대전 진짜 개쓰레기 도시인걸 또한번 체험하고 갑니다.,점심에 방문,예약 없이 이용,30분 이내
3.5,2026년 5월 12일 화요일,너무 유명한 것치고 눈치게임 성공인건지 일반 빵집만 조금 웨이팅 있었고 시루랑 다른데는 웨이팅이 하나도 없었네요 개인적으로 시루보다 일반 빵이 더 맛있는 듯,점심에 방문,예약 없이 이용,10분 이내
5,2026년 5월 11일 월요일,오랜만에 방문했는데 평일이라 대기줄도 없고 새로운 빵들도 살 수 있어서 좋았어용👍,저녁에 방문,예약 없이 이용,바로 입장
4,2026년 5월 11일 월요일,월요일인데도 줄이 !!너무 길어요전보다 더 사람 많은 듯하네요,점심에 방문,예약 없이 이용,10분 이내
5,2026년 5월 11일 월요일,김치찹쌀주먹밥 꼭 드세요,점심에 방문,,
5,2026년 5월 11일 월요일,"임산부 친구 프리패스권으로 다녀옴월요일 2시쯤에 갔는데 여전히 사람이 많았고(오히려 케이크부띠크, 시루매장은 널널) 최소 30분은 기다려야하는 줄이었음대전 언제 또 올까 싶어서 이것저것 담았음말차 기대했는데 말차튀소보다는 크로와상이 더 맛있음! 하루만에 다 먹긴 크림이 과해서 이틀에 나눠먹음. 찾는 빵이 없으면 일시품절이라서 조금 기다려야 나옴. 직원분께 여쭤보면 얼마나 기다려여하는지 알려줌. 매우 친절함!언제 또 갈지는 모르겠지만 당일 먹는 게 제일 맛있으니 욕심 덜어야할듯",점심에 방문,예약 없이 이용,바로 입장
5,2026년 5월 11일 월요일,대전 방문할 일 있으면 무조건 들러보게 되는 성심당. 평일 오전 시간인데도 웨이팅 피할 수는 없었으나 그래도 비교적 짧게ㅓ기다리고 필요안 빵만 챙겨서 후딱 나옴. 어느덧 70주년이라니 성심당 포에버~!!!,점심에 방문,예약 없이 이용,10분 이내
4.5,2026년 5월 11일 월요일,굿~~🚗 오늘도 아침 5시에 서울에서 출발🚗 - 8:11분  도착하여 🚗기다림없이 🍞 🥯 🥐 🥖 . 빵순이의 삶을 찬양. 오늘 하루 매우 만족합니다,아침에 방문,예약 없이 이용,바로 입장
5,2026년 5월 10일 일요일,대전 성심당 본점에 빵 사러 달려왔다.말차롤부터 먹는다. 와.. 녹아내리네..입 안을 포근하게 채워주는 둥실둥실 부드러운 감촉 못 잊겠네.크림과의 일체감이 제대로다.순수마들렌은 그냥 생필품처럼 사가면 된다ㅋ모든 빵을 다 먹어버리고 싶다!저녁 6시30분쯤엔 30미터 대기줄이 있었는데8시 조금 넘어 왔더니 대기는 없다.하지만 내부는 바글바글.여유롭게 빵 감상할 생각은 하지 말자!일요일 밤인데도 성심상 거리 미어터진다.지역 대표 기업(브랜드) 하나가도시 전체를 힙하게 만들어버리는 마법.대전역이랑도 가까워서 놀고 먹기 최적이다.대단하다 대전.돈을 쓸어담고 있는 착한 기업 성심당.내 돈도 쓸려들어갔다^^성심당에 아직도 안와봤는가?빨리 와보시기 바란다.실망하기 힘들 것이다,저녁에 방문,예약 없이 이용,바로 입장
4,2026년 5월 10일 일요일,굿,저녁에 방문,예약 없이 이용,30분 이내
5,2026년 5월 10일 일요일,한화홈경기라 길도 복잡하고 성심당 주말엔 대기가 40분은 기본이네요매장 안에도 복잡성심당 메론 거북 귀엽네요,점심에 방문,예약 없이 이용,30분 이상
5,2026년 5월 10일 일요일,성심당 본점은 못가고샌드위치정거장하고 케익부띠끄로 갔습니다일요일에도 여전히 사람 많네요망고시루는 먹어봐서 망고크레페 구매했는데너무 맛있어요👍🏻🥺크림도 맛있고 시루와는다른 매력이에요 🥭,점심에 방문,예약 없이 이용,10분 이내
5,2026년 5월 10일 일요일,예쁠때 빵찍는걸 까먹고 그냥 빵을 먹어버려서 사진은 없는데 생일자 있으면 꼭 미리 성심당 어플깔아서 생일 축하 쿠폰 받으세요 3000원 할인을 받을 수 있습니다,아침에 방문,예약 없이 이용,30분 이내
4,2026년 5월 10일 일요일,30분 이상 줄섰어요~간김에 양손 무겁게 담아는 왔는데이렇게 기다리는게 맞나싶기도 하네요ㅎ,밤에 방문,예약 없이 이용,30분 이상
5,2026년 5월 10일 일요일,⠀,밤에 방문,예약 없이 이용,바로 입장
5,2026년 5월 9일 토요일,20대부터 다녔던 성심당이젠 최고의 빵집으로 우뚝서고70년이 넘었다니빵 맛은 예술이고가격도 착해서 좋아요최고 고향의 빵집 성 심 당~~~맛나게 뮤자게 많이 멋었네요,저녁에 방문,예약 후 이용,30분 이상
4,2026년 5월 9일 토요일,빙수가 건강한 맛이에요~,저녁에 방문,예약 없이 이용,바로 입장
5,2026년 5월 9일 토요일,요즘같은 고물가에 성심당빵값은 더 와닿아요이 퀄리티에 이가격이 맞나 싶어요성심당 다녀가면 진짜 한동안 베이커리카페 기피 현상 생겨요맛이야 말해머해 가격도 착해 맛도조아 30분이든1시간이든 웨이팅 기다릴만하기도하고 줄이 진짜 길어서 오늘안에 들어가겠나싶은데 줄이 진짜 빨리빨리 빠져요이렇게 많은 인원이 줄서있는데도 통솔도 잘해줘요진짜 육각형으로 본받을게 많은집갓심당👍,저녁에 방문,예약 없이 이용,30분 이내
5,2026년 5월 9일 토요일,망고가 진심이네요...기다린 보람이 있어요. 한 여름은 아니어서 기다릴만 했어요♡,점심에 방문,예약 없이 이용,30분 이상
5,2026년 5월 9일 토요일,5월 9일 토요일 오전케잌이랑 시루줄은 생각보다 짧고빵집 대기줄은 길었음.오후는 잘 모르겠음.망고시루가 생각보다 딸기시루보다 인기가 없나?생각했는데  근데 개맛있음.빵집 2층에 망고빙수도 먹고갔는데 생망고 너무좋고 맛있네요.,점심에 방문,,
4.5,2026년 5월 9일 토요일,이미 N번차 방문이긴하지만 여전히 바쁘고 여전히 대기줄은 길고 또 여전히 그럴만하다고 생각하게 만드는대전 성심당 !내일은 망고시루와 롤케익 사서 서울로 ^^,점심에 방문,예약 없이 이용,30분 이상
5,2026년 5월 8일 금요일,대전고향에 갈때마다 꼭 들러서 사오는 빵집입니다가성비좋고 너무 맛잇어요 성심당은 사랑입니다ㅎㅎ,저녁에 방문,예약 없이 이용,바로 입장
5,2026년 5월 8일 금요일,굳굳,점심에 방문,,
5,2026년 5월 7일 목요일,빵좋아하는 딸이 케이크 🎂 와빵을이렇게 많이 사왔어요 ^^😀,저녁에 방문,예약 없이 이용,10분 이내
5,2026년 5월 7일 목요일,평일 낮에 방문했는데도 성심당은 역시나 사람이 엄청 많네요! 🤩 유명한 튀김소보로랑 맛있어 보이는 빵들을 잔뜩 사 왔습니다.기차역에 가보니 다들 약속이라도 한 듯 성심당 쇼핑백을 하나씩 들고 있는 모습이 너무 재밌고 신기했어요. ㅎㅎ 집에 와서 먹어보니 튀소는 역시 겉바속촉 진리입니다. 다른 빵들도 다 너무 맛있어요. 대전 방문 필수 코스로 완전 추천합니다! 👍,점심에 방문,,
5,2026년 5월 7일 목요일,친구가 임산부라 빨리 입장 해서 좋았어요!!! 5%할인도 해줬구요~ 명란 바게트 저번에 못사서 이번에 샀는데 넘 맛있어효~~~ 치아바타 되게 바삭해서 바게트 같고 완전 저렴쓰~,점심에 방문,예약 없이 이용,바로 입장
5,2026년 5월 7일 목요일,👍,점심에 방문,예약 없이 이용,10분 이내
5,2026년 5월 7일 목요일,.,밤에 방문,예약 없이 이용,바로 입장
5,2026년 5월 6일 수요일,역시는 역시 웨이팅 줄은 없었지만 평일인데도 붐비는 인파 많은 캐셔분으로 웨이팅 없이 빠르게 회전하는 회전율 🙆🏻‍♀️방문 기준 구매한 빵 1위는 시나몬 메아리 🥞새로 나온 듯한데 기존 보문산 메아리보다 더 취향저격 ❤️달달한 생크에 겉은 바삭 시나몬 맛에 안은 촉촉한 빵 👍🏻 굿굿,저녁에 방문,예약 없이 이용,바로 입장
5,2026년 5월 6일 수요일,"명성에 비해 가성비 넘치는 빵 가격에 놀랐고, 대기줄에 비해 빠른 입장과 결제시스템에 만족. 비록 평일 5시라는 시간대라 그렇겠지만.. 성심당 이름자체로도 관광명소가 된 터라 방문 가치는 있다고 생각됨",저녁에 방문,예약 없이 이용,10분 이내
5,2026년 5월 6일 수요일,망고빵은 샌드위치 정거장 망고빵이 훨씬 더 맛있었습니다.,점심에 방문,예약 없이 이용,10분 이내
5,2026년 5월 6일 수요일,연휴 다음날 평일 점심때 방문했는데 웨이팅이 막 길진 않아서 좋았어요!근데 진짜 빵들이 가성비가 좋고 너무 맛있어요..갓심당❤️,점심에 방문,예약 없이 이용,바로 입장
5,2026년 5월 6일 수요일,모찌식빵사러 왔다가말차튀소 사고 온김에 쿠폰써서 고구마빵 득템역시 식빵은 모찌식빵이 맛있어 뜯어먹음 꿀맛,점심에 방문,예약 없이 이용,10분 이내
5,2026년 5월 6일 수요일,좋아요,밤에 방문,예약 없이 이용,바로 입장
5,2026년 5월 6일 수요일,임산부 프리패스 감사합니다😍치아바타보다 감자치아바타가 더 맛있음!!(근데 순천 바바베이커스 치아바타가... 넘사벽),밤에 방문,예약 없이 이용,10분 이내
5,2026년 5월 5일 화요일,좋아요,점심에 방문,예약 후 이용,10분 이내
5,2026년 5월 5일 화요일,아들이 인천에서 축구 보러 갔다가 들려서 사왔는데 빵값도 착하고 전부 너무 맛있어요 아쉬운점은 장거리에서도 많이 방문 할텐데..종이쇼핑백이라 손잡이가 찢어져서 들고 왔네요ㅜㅜ,점심에 방문,,
5,2026년 5월 5일 화요일,최소 대기 한시간입니다빵은 맛있어요 가성비도 좋고,점심에 방문,예약 없이 이용,1시간 이상
5,2026년 5월 5일 화요일,"아이가 어린이날 교회 선생님들, 청소년부랑 같이 방문했어요~ 즐거운 추억 만들었습니다~빵이 아주 맛있어요~",점심에 방문,예약 없이 이용,30분 이내
4.5,2026년 5월 5일 화요일,튀소세트 맛있네요,아침에 방문,,30분 이상
4.5,2026년 5월 5일 화요일,줄은 약 40-50분 선 듯튀김소보루는 본점에서 사야함선물용으로 괜찮음생각보다 팥외에 다른  조합들이 다 잘 어울리는 편,아침에 방문,,
4.5,2026년 5월 4일 월요일,굿,저녁에 방문,,
4.5,2026년 5월 4일 월요일,굿,밤에 방문,,
3.5,2026년 5월 4일 월요일,1. 웨이팅 하는 곳이 주차장까지 이어져 있지만 생각보다 사람이 빠르게 빠져서 좋았습니다.2. 빵 맛은 예전과 변함없이 맛있었는데 주먹밥은 예전보다 느끼해지고 짜졌습니다.3. 직원분들이 다들 친절하게 응대해 주셔서 좋았습니다.,점심에 방문,예약 없이 이용,30분 이상
5,2026년 5월 4일 월요일,드디너!!,점심에 방문,예약 없이 이용,1시간 이상
5,2026년 5월 4일 월요일,말차크루아상 드디어 먹어봤어요! 말차 크림이 꽉꽉 차있고 부드럽소 촉촉하고 아주 맛있네요. 초코버터바게트도 너무 맛있어요ㅠㅠ 버터와 초코의 찐항 맛이 조화롭게 어우러져서 물리지 않고 계속 들어가요.,점심에 방문,예약 없이 이용,10분 이내
5,2026년 5월 4일 월요일,연휴중간평일이라 방심했더니 오늘도 대기줄이엄청나네요.줄서고 시루사고 빵사고 두시간가까이 걸린듯요.🤣망고시루 과일시루에 과일이 가득 들어있어요.👍빵종류가 다양해서 고르는데도 시간걸리니 미리먹을빵을 정하고 오는게 좋은거 같아요.빵가격이 저렴하고 맛도있다보니 대기는 늘 있는듯요.🤗,아침에 방문,예약 없이 이용,1시간 이상
5,2026년 5월 3일 일요일,좋아요욭,점심에 방문,,1시간 이상
5,2026년 5월 3일 일요일,믿먹 성심당 갓심당 최고의성심당,아침에 방문,예약 없이 이용,바로 입장
5,2026년 5월 2일 토요일,구매줄 따로 받는줄 따로…시루 먹기 참 어려웠습니다,저녁에 방문,예약 없이 이용,30분 이내
3,2026년 5월 2일 토요일,사람이 매 년 많아져 슬프지만 포기 못합니다!,저녁에 방문,예약 없이 이용,2시간 이상
3.5,2026년 5월 2일 토요일,햄과 버터의 퀄리티가 정말  좋고 빵이 맛있습니다👍,저녁에 방문,예약 없이 이용,30분 이내
5,2026년 5월 2일 토요일,가성비 굿,점심에 방문,,
5,2026년 5월 2일 토요일,다 맛있어요~~ 말차크롸상 강추!!! 크기도 엄청커요 망고시루는 생각보다 딸기시루보다 작고 망고는 새콤 달콤하네요 딸기시루가 더 푸짐해요,점심에 방문,예약 없이 이용,10분 이내
4.5,2026년 5월 2일 토요일,성심당을 KTX를 타고 처음 가보네요 사람이 엄청 많아요 주말에 오면 무조건 오픈런을 해야 합니다. 여기는 상상 이상의 사람들 때문에 무조건 기다려야 합니다. 하지만 빵이 맛있고 가성비가 있어서 좋아요 👏,아침에 방문,예약 없이 이용,30분 이내
5,2026년 5월 2일 토요일,좋아요~~,아침에 방문,,
5,2026년 5월 2일 토요일,빵맛있고 가성비 좋아요이날도많ㅇㅣ 구매했어요진짜사람 줄많았어요,아침에 방문,,
5,2026년 5월 1일 금요일,사람에 치이는 경험을 할 수 있습니다. 실수로 옷에 크림이 묻을 수 있으니 서로 조심해야해요,저녁에 방문,예약 없이 이용,10분 이내
5,2026년 5월 1일 금요일,여행왔다가 대기만 무려 2시간 반 ㅜㅜ 주차비는 후덜덜 빵은 그래도 맛있어요.,점심에 방문,예약 없이 이용,2시간 이상
4,2026년 5월 1일 금요일,좋아요,점심에 방문,,
5,2026년 5월 1일 금요일,성심당 본점 가려고 대전에 방문했어요.대기줄 진짜 어마어마해서 마음 단단히 먹고 방문하세요.가격은 저렴한테 퀄리티 높은 빵과 케이크였습니다.,아침에 방문,예약 없이 이용,30분 이내
5,2026년 5월 1일 금요일,오래기다린만큼 넘 맛있어요  담에또올거같아요,아침에 방문,예약 없이 이용,1시간 이상
5,2026년 5월 1일 금요일,본점 먼저 가서 7시 30분쯤에 줄섰어요 어제는 빨간날이라 그런지 30분만에 입장 한거 같애요 본점 문도 빨리 연거 같애요 일찍 갔음에도 불과 하고 아쉽게도 초코튀소는 없어서 못샀네요ㅠㅠ 사람은 뭐 항상 많지만 성심당은 줄설 가치가 있습니다ㅋㅋ,아침에 방문,예약 없이 이용,30분 이내
5,2026년 5월 1일 금요일,"오전7시40분쯤 도착했는데 이미 본점은 입장을 일찍 시작했더라구요. 한 15분쯤 대기하고 들어갔는데 초코튀소는 그 시간에 이미 매진이었고 김치찹쌀주먹밥은 딱 두개 남아서 집으니까 매진되었어요. 언제 나오는지 여쭤봤는데 걍 거기 없으면 매진이라고 하시고 다들 바빠보이셨습니다. 중간에 결제하는곳이 추가로 생겨서 더 좁아지긴했지만 회전율이 빨라진건 좋았어요! 본점에서 말차튀소2(각3,000), 김치찹쌀주먹밥2(각2,300), 말차크로와상2(각6,200), 소금빵(1,500), 오징어먹물방망이(3,300), 작은메아리2(각3000), 우유고로케(2,300) 구매하고 지하에 샌드위치정거장에서 이탈리안샌드위치2(각6,000), 애플브리치즈(8,000)구매했습니다. 안에가 다 실한게 너무 맛있었어요bb",아침에 방문,예약 없이 이용,30분 이내
3,2026년 5월 1일 금요일,사람이너무많아서 별로못샀어요,아침에 방문,,2시간 이상
5,2026년 5월 1일 금요일,가성비가 좋네요2시간이상 대기했던터라 보상심리로 빵을 많이 담아오게되는것 같아요~~집오니 처치곤란이네요다음엔 빵은안사고 케익만사올것같아요,아침에 방문,,2시간 이상
3,2026년 5월 1일 금요일,대전방문차 성심당방문 명색이자자함을 몸소 체혐긴줄에 한번 놀라고 빵맛에  놀라고 가격도 좋고사서 고생할만합니다,아침에 방문,예약 없이 이용,1시간 이상
5,2026년 5월 1일 금요일,첫방문인데 너무 힘들었어요~롤케익은 1시간~ 이지만 본점은 4시간~두번은 못하겠어요..근데 빵 맛은 엄지척~~👍,밤에 방문,예약 없이 이용,2시간 이상
5,2026년 4월 30일 목요일,성심당 정말 오랜만에 가서 빵을 엄청 샀는데 역시 너무너무 맛있네요!!!,점심에 방문,예약 없이 이용,1시간 이상
4,2026년 4월 30일 목요일,"대전 첫 여행에 들른 성심당아침에 들러도 사람이 많네요,,좋은 경험 하고 갑니다 !",아침에 방문,예약 없이 이용,바로 입장
5,2026년 4월 30일 목요일,언제가도 편하고 좋아요,밤에 방문,,
5,2026년 4월 29일 수요일,아아,저녁에 방문,예약 없이 이용,바로 입장
5,2026년 4월 29일 수요일,성심당 근처에 방문했다가 마침 줄이 없어서 들어갔네요 나올때 10m이상 서 있어서 정말 다행이었습니다 ㅋ,점심에 방문,예약 없이 이용,바로 입장
3,2026년 4월 29일 수요일,"명란바게트는 솔직히 별로., 실망. 튀소랑 야채고로케가 제일 나음.",점심에 방문,예약 없이 이용,1시간 이상
5,2026년 4월 29일 수요일,샌드위치는 구경만~~~ 평일임에도 줄이 점점 더 길어지는 성심당. 메아리 4개 담으시는 큰손 선생님과 함께... 소박한 한봉투 🍞,점심에 방문,예약 없이 이용,30분 이내
5,2026년 4월 29일 수요일,빵이 너무 맛있게 먹었습니다.,점심에 방문,예약 없이 이용,바로 입장
5,2026년 4월 29일 수요일,평일 오후기준 15분 대기 후 입장하고 구매했어요:)본점은 처음이었는데 평일은 대기시간이 길지않아 좋있어요!!!평소 추천받은 빵들과 좋아하는 담백한빵 구매했는데 옐로우망고 보다는 명란바게트 정말정말 맛있었어요!!!다음에 간다면 많이 구매할듯 해요 ㅎㅎ,점심에 방문,예약 없이 이용,30분 이내
3.5,2026년 4월 29일 수요일,궁금해서찾아감줄은 30분내로섰고  기대한만큼 맛있는것도있고아닌것도있었음.,점심에 방문,예약 없이 이용,30분 이내
5,2026년 4월 29일 수요일,평일 수요일 12시에 방문했고 10분 이내로 입장이 가능했습니다. 오후 1시쯤에 다시 지나가니 줄이 5배는 돼서 시간을 참고하세요.줄 보다 내부가 더 혼잡하고 사람들 사이에 밀리니 미리 구매할 빵을 정하고 들어가야 해요!케익부띠끄도 비슷하게 10분 이내로 방문 가능했습니다.,점심에 방문,예약 없이 이용,10분 이내
5,2026년 4월 29일 수요일,"두번째 대전, 두번째 성심당평일오전 9시에 오니 줄서지않고 바로 입장가넝낮에 다시오니 그땐 줄이 길어서 2~30분정도 걸렸어요~그동안 먹어보고싶었던 말차튀소랑 찹쌀주먹밥에 부추빵,초코바게트,햄치즈크라상,야채고로케 구매해도 18000원; 가성비 굳~하지만 이렇게 싸도 맛은💯💯말차튀소는 말차크림이 정말 맛있었지만 팥이랑 같이 먹으니 제 취향은 아니었구.. 야채고로케도 양념이 반은 있구 없는데도 있어서 좀 아쉽! 하지만 부추빵 빵 정말 부드럽고 안에가 짭짤해서 고로케보다 맛있음!찹쌀주먹밥 겉은 살짝바삭하고 안은 찰져서 얘가 진짜 맛있었어요... 낮에가서 또삼^^초코바게트도 버터 안느끼하고 초코도 진하니 버터랑 잘어울림!담에 가면 다른것도 먹어보고 주먹밥이랑 부추빵,초코바게트 요 3개는 필수구매!",점심에 방문,,바로 입장
4.5,2026년 4월 28일 화요일,좋아하는 케이크와 밀키트 구매했어요!케이크 토핑이 딸기에서 샤인머스캣으로 변경되었네요.저당파스타면은 소스에 더 오래 삶아야하나? 조금 딱딱했어요.,저녁에 방문,예약 없이 이용,30분 이내
5,2026년 4월 28일 화요일,두말하면 입 아프다 내가 말 안해도 이미 다 아는 곳,저녁에 방문,예약 없이 이용,바로 입장
5,2026년 4월 28일 화요일,좋아요,저녁에 방문,예약 없이 이용,바로 입장
4.5,2026년 4월 28일 화요일,"'80만분의 1'우리나라에서 음식을 파는 모든 가게 중에 정점에 있는 매장이 성심당입니다. 비싼 음식을 파는 것도 아닙니다. 2~3천원짜리 빵을 팝니다. 편리하고 쾌적한 것도 아닙니다. 한사람 지나갈 틈도 없이 북적입니다.빵을 고른다는 느낌보다는 빠르게 담아서 나가야겠다는 생각이 들 정도입니다.하지만, 전국 모든 음식점이 배워야 할 점이 분명합니다. 수많은 직원들이 자기 할일을 최선을 다해서 합니다. 줄을 안내하는 직원, 지나가기 어려운 틈을 뚫고 빵을 계속 채우는 직원, 빠르게 계산을 돕는 직원 모두 유기적이고 발빠르게 움직입니다.기다림이 지루함이나 짜증이 아니라 설렘으로 느껴지는 건 이 매장의 직원들에게 느껴지는 에너지에서 나오는게 아닐까 싶습니다. 리스펙 합니다.",저녁에 방문,예약 없이 이용,30분 이내
5,2026년 4월 28일 화요일,"한화 야구경기 있는날이라 평일이지만 사람가득이에요.본점은 너무 복잡해서 성심당 샌드위치 종류만 사진 올려봅니다. 왕관 샌드위치 고기고기 하고 채소도 듬뿍이라 맛이 괜찮네요. 그래도 역시 제게 일등은 잠봉뵈르 샌드위치에요. 늦은 오후에도 샌드위치 계속 만드셔서 채우시니 정말 대단한 것 같아요. S브레드, 크림치즈화이트번, 마라고로케, 슈크림빵, 새우롤낙지고로케, 김치찹쌀주먹밥, 생도나쓰, 명란바게트, 월넛브레드, 말차튀소 등등 샀는데 말차튀소는 사서 바로 드시면 소보로가 바삭! 극락이에요. 오늘은 김치찹쌀주먹밥이 일등! 매콤하니 넘 맛있어요. 크림치즈 화이트번은 오 보름달이랑 비슷한 담백+크림치즈 구성... 마라고로케보다 저는 새우낙지고로케가 더 맛있지만 맵찔이분들은 매우니 주의하세요!",점심에 방문,예약 없이 이용,10분 이내
4.5,2026년 4월 28일 화요일,가성비와 맛을 둘 다 잡은 최고의 빵집인 것 같습니다. 웬만한 빵들이 기본은 해서 믿고 살 수 있는 빵집입니다.,점심에 방문,예약 없이 이용,30분 이내
4,2026년 4월 28일 화요일,처음 방문한 성심당. 굿굿,점심에 방문,예약 없이 이용,10분 이내
5,2026년 4월 28일 화요일,역시 성심당,점심에 방문,예약 없이 이용,10분 이내
5,2026년 4월 28일 화요일,빵이 다양하고 가성비 좋고 맛있어요,점심에 방문,예약 없이 이용,10분 이내
5,2026년 4월 28일 화요일,예비 맘 5% 할인까지 받아서 너무 좋았어요. 초코 빵이 정말 맛있더라구요. 명란 바게트랑!!,점심에 방문,예약 없이 이용,바로 입장
5,2026년 4월 28일 화요일,"평일이라 크게 기다리지 않고 입장. 매장 안에서 복잡했지만, 필요한 빵을 말하면 바로 챙겨준 직원들 센스에 역시!",점심에 방문,예약 없이 이용,10분 이내
5,2026년 4월 28일 화요일,"치즈바질바게트, 피자를치즈해,티라미수파이는 첨 사봤는데 엄청 맛있고 저렴해요👍",아침에 방문,예약 없이 이용,바로 입장
4.5,2026년 4월 27일 월요일,초코버터바게트 은근 맛있음,저녁에 방문,예약 없이 이용,10분 이내
5,2026년 4월 27일 월요일,자주왔더니 이제 빵도 사는것만 삽니다.초코튀소와 보문산은 지인용까지 잔뜩!!,점심에 방문,예약 없이 이용,30분 이내
5,2026년 4월 27일 월요일,너무 맛있었어요! 성심당 최고 최고!!!!,점심에 방문,예약 없이 이용,30분 이내
5,2026년 4월 27일 월요일,빵지순례 성공,점심에 방문,예약 없이 이용,바로 입장
4.5,2026년 4월 27일 월요일,맛있어요,점심에 방문,예약 없이 이용,30분 이내
4,2026년 4월 27일 월요일,사람도 많고 빵도 많고,아침에 방문,예약 없이 이용,바로 입장
5,2026년 4월 26일 일요일,후렌치파이 달달하니 맛있고 크리미튀소도 진짜 맛있어요!!,저녁에 방문,,
4.5,2026년 4월 26일 일요일,사람이 많지만 빵이 맛있어요,저녁에 방문,예약 없이 이용,30분 이상
5,2026년 4월 26일 일요일,좋아요.,저녁에 방문,예약 없이 이용,10분 이내
4.5,2026년 4월 26일 일요일,1달 만에 또 방문성심당 망고 시루 나왔으니  맛봐야지요망고 들어간 빵은 다 사야해요이것저것 사다 보니 20만 원이 넘었어요ㅎㅎㅎ성심당 빵은 사랑입니다.,점심에 방문,예약 없이 이용,30분 이내
5,2026년 4월 26일 일요일,아몬드 크로와상 무조건 사세요,점심에 방문,예약 없이 이용,30분 이내
4,2026년 4월 26일 일요일,성심당 먹기위해서 대전 와써용,점심에 방문,예약 없이 이용,30분 이내
5,2026년 4월 26일 일요일,일요일 아침8시30분도착. 대기10분?오픈런의 좋은점: 대기줄이짧다오픈런의단점 : 빵종류가다양하지않음.                         9시는 되어야 종류가 다양해짐                         (9시에도 아직 안나오는 빵있음)부추빵을 15분이나 기다려도 안나와서직원분께말하니 바로채워주심빵을 굽고있어서 늦어지는것도 있으나인기빵인데 기다려도 안나온다면 직원분에게 물어보기!샌드위치가게내려가는 바로 옆문에서 계산하시던남자직원분. 진짜진짜친절했음,아침에 방문,,
5,2026년 4월 26일 일요일,전날 지나가면서 보니 케이크부띠끄도 대전역점도 사람이 엄청 많아서 2일차 첫코스로 잡았습니다주말엔 좀 일찍 열어주신대서 7시 10분쯤 도착했고 20분쯤 기다렸다 들어갈 수 있었습니다뭘 살지 안 정하고 가서 대충 집어왔는데 먹다가 아쉬워서 후회했어요다음에 가면 두 봉투 꽉 채워와야겠어요,아침에 방문,예약 없이 이용,30분 이내
5,2026년 4월 25일 토요일,성심당 말모~ 짱!,저녁에 방문,예약 없이 이용,30분 이내
5,2026년 4월 25일 토요일,성심당 본점 방문했어요. 주변사람들이랑 나눠먹을거 구매했습니다. 임산부프리패스 있어서 진짜 몇달동안 너무 행복했어요 ... 곧 출산예정이라 .... 한동안 방문을 못할것 같아요 ㅠㅠㅠㅠㅠㅠ다 너무 맛있어요.........,저녁에 방문,예약 없이 이용,10분 이내
5,2026년 4월 25일 토요일,"줄이 길어서 걱정했는데 생각보다 금방 빠져서 30분정도 기다렸어요 체계적으로 잘 운영되는 것 같아요 빵을 한가득 샀는데 돈이 얼마 안 나와서 가성비 굿,,",점심에 방문,예약 없이 이용,30분 이내
5,2026년 4월 25일 토요일,주말 토요일 낮 12시 방문했어요 임산부 프리패스로 웨이팅 없이 바로 들어갔습니다💖임신부 프리패스 방법 임신확인증 or 산모수첩 지참. 출산예정일 확인 후 신분증과 대조 진행💖빠르게 입장해서 빵 구경하면서 구입하는데 빵종류 진~짜 많고 다양했어요 빵 좋아하는편이 아님에도 불구하고 12개나 구매했어요 12개 샀는데 34200원 나왔습니다 가성비후덜덜 성심당 방문 처음이라 어떤빵 사야하나 고민되었는데 best 빵 추천되어있는것 보고 따라서 샀어요! 거기에 먹고싶은 빵까지 더 샀습니다 ㅎㅎ 너무 재밌고 좋은 경험이었어요! 빵도 다 맛있어요!!,점심에 방문,예약 없이 이용,10분 이내
5,2026년 4월 25일 토요일,좋아요,점심에 방문,,30분 이내
4.5,2026년 4월 25일 토요일,4/25 토요일 오전 8시가 안됐지만 본점 오픈했더라구요. 그래서 웨이팅 없이 들어갔으나 매장안은 이미 인산인해… 빵 픽하는 것도 힘들었어요. 다들 어케 구매하시는 건지 대단하네요. 일찍 들어갔더니 부추빵은 아직 나오지 않아서 이것만 못 샀네요.,아침에 방문,예약 없이 이용,바로 입장
5,2026년 4월 24일 금요일,저녁 6시에 갔는데 웨이팅 5분만에 입장했어요.사람은 많음. 말차크라상 꼭꼭 사드세요. 말차덕후인생 최고의 말차크라상이였음 💚💚💚,저녁에 방문,예약 없이 이용,10분 이내
5,2026년 4월 24일 금요일,야구 직관 보러 내려와서성심당 본점에서 맛있는 빵 사고이제 집에 도착해서 먹는데 너무 맛있어요~,저녁에 방문,,
5,2026년 4월 24일 금요일,"줄이 엄청 긴데, 생각보다 정말 빨리 줄어서 금방 입장할 수 있어요.  긴 줄에 겁먹지 않아도 되더라구요. 줄서서 골라가야 하는 거 아니고 자유롭게 빵 집어가면 되긴 하는데 , 매장안에 사람이 가득해서 천천히 빵 구경하며 여유롭게 고르기는 좀 힘들어요. 직원분들이 굉장히 친절하시고 빵가격도 정말 착합니다. 호밀빵 샤워도우 이런 종류도 꽤 많아서 좋았는데 다 못사와서 아쉽.. 아무튼 괜히 성심당 성심당 하는게 아니더라구요 자부심 가질만 해요👍담에 가면 소금빵 10개 사야지..맛있음!! 한국에도 개당 1500원의 맛있는 소금빵이 있다니.. 도쿄 긴자 소금빵 맛집도 1500원이었음 ㅠㅠ 크라상도 2800원 👍대전사람 부럽.,,",점심에 방문,예약 없이 이용,30분 이내
5,2026년 4월 24일 금요일,금요일 오전에 가도 사람 진짜 많긴 하네요. 그 시간에 갔는데도 이미 품절 된 빵들도 있어요!,점심에 방문,예약 없이 이용,10분 이내
3.5,2026년 4월 24일 금요일,빵빵빵🧡,점심에 방문,,
4.5,2026년 4월 24일 금요일,"성심당 본점 내부 사진은 빵을 고르느라 찍을 수가 없었지만 그래도 맛있고 가성비 좋은 빵을 많이 사서 너무 좋았어요!! 갯수로만 12개를 샀는데 35400원이라니 말이 안되는 가격이죠😆명란바게트, 옐로우망고, 말차튀소 등 다 너무 맛있어서 다음에도 또 오고 싶어요. 역시 성심당은 최고입니다👍",아침에 방문,예약 없이 이용,30분 이내
3,2026년 4월 24일 금요일,말차크로아상은 크림이 느끼하지도 않고 괜찮아요.나머지 빵들은 보통,아침에 방문,,
5,2026년 4월 24일 금요일,가장 맛있는 빵집~^^,아침에 방문,예약 없이 이용,바로 입장
5,2026년 4월 24일 금요일,빵순이빵돌이로서 말씀드립니다크림류 초코크림류 다다 맛있어요!기본 옛날빵들도 다 맛있군보문산메아리는 저번에도 안먹었는데 이번에 사놓고 2-3일 뒤에 먹었는데 먹고 나서 와! 왜 맛있다하는지 알겠더라구요! 산 바로 그날 먹었으면 더맛있었겠죠? 그릭 김치주먹밥은 빵가루 때문에 식감이 좋고 맛있었어요! 근데 기름은 좀 많아보였슴당명란바게트도 꼭 다들 드셔보세요!,아침에 방문,예약 없이 이용,10분 이내
3.5,2026년 4월 24일 금요일,사람이 진짜 많다,아침에 방문,예약 없이 이용,바로 입장
5,2026년 4월 23일 목요일,맛있어요,저녁에 방문,예약 없이 이용,바로 입장
5,2026년 4월 23일 목요일,굿,점심에 방문,예약 없이 이용,10분 이내
0.5,2026년 4월 23일 목요일,맛있는지 잘 모르겠는데 가격이 저렴해서 많이들 사나봐요마구잡이 종류만 많지 딱히 줄서서 살정도는 아닌데…옛날 스타일같은빵 스타일…,점심에 방문,예약 없이 이용,30분 이내
5,2026년 4월 23일 목요일,"ღ 토요빵 3,800 𖤐ღ 무화과그늘아래 3,000ღ 작은메아리 3,000ღ 16겹 망고데니쉬 4,500ღ 파이만주 (8ea) 9,600 𖤐ღ 튀김소보로 1,700ღ 튀소구마 1,700ღ 참치고로케 2,500ღ 김치찹쌀주먹밥 2,300ღ 말차튀소 3,000 𖤐ღ 야채고로케 2,300ღ 명란바게트 3,800성심당은 평일에 가도~ 사람은 여전~ 바글바글맛있어서 또 갑니당✨💗",점심에 방문,,
5,2026년 4월 23일 목요일,"저는 튀소,고튀소,고로케,부추빵,참치고로케,새우를낙지고로케 이렇게 뿌셨습니다!!! 근본 튀소등 모두 맛있지만 새우낙지고로케 진짜 맛있어요!!!",점심에 방문,예약 없이 이용,10분 이내
5,2026년 4월 23일 목요일,아침에 일찍 가니 웨이팅 없이 바로 들어왔어요,점심에 방문,예약 없이 이용,바로 입장
5,2026년 4월 23일 목요일,날씨 풀려서 그런지 평일임에도 웨이팅 조금 있지만 금방 들어갈 수 있고 새로운 제품도 많이 나오고 막 담아도 정말 저렴해요~,점심에 방문,예약 없이 이용,10분 이내
5,2026년 4월 23일 목요일,맛있어요,점심에 방문,,
5,2026년 4월 23일 목요일,옐로우망고 맛있고 명란바게트 맛있고 말차튀소도 맛있어요 애플파이도 맛있어요,점심에 방문,예약 없이 이용,30분 이내
4.5,2026년 4월 23일 목요일,은근 묵직해서 대전 여행시 돌아가기 전에 포장 가는것도 나쁘지 않을것 같아요 규모는 그렇게 크진 않네요,점심에 방문,,
5,2026년 4월 22일 수요일,본점에서 빵류를 사고 쇼핑백을 대 자로 받은 다음옆 샌드위치정거장에서 샌드위치를 사면 편합니다.그런데 본점 매장안에 사람이 정말 많은데 줄이 없어 살 수 있는데 좀 충격적이에여.너무 뒤엉켜서 제 어깨를 누가 집게로 집으심.. 그리거 지하에 우동야에서 차분하게 우동 한그릇 드시는거 추천힙니다!,저녁에 방문,예약 없이 이용,바로 입장
5,2026년 4월 22일 수요일,망고시루 튀소 👍,점심에 방문,예약 없이 이용,30분 이내
5,2026년 4월 22일 수요일,가성비 좋아요 굿,점심에 방문,예약 없이 이용,30분 이내
5,2026년 4월 22일 수요일,평일 오후에 가서 대기 많이 안했어요. 빵 종류 너무 많고 사람도 많아서 복잡했는데 그래도 질서있어서 괜찮더라고요. 다음엔 더 많이 사오고싶을 정도예요ㅎㅎ,점심에 방문,예약 없이 이용,10분 이내
5,2026년 4월 22일 수요일,평일에는 그나마 웨이팅이 적네요 밖에는 줄선다고 고생이고 안에 들어가면 빵 담는다고 고생 … 안에서 빵 담을때 사람들이 너무 많고해서 빵 트레이 치고 다니는 경우가 너무 많네요… 트레이 안 떨어진게 신기공간을 효율적으로 바꾸던 한번에 들어가는 사람수를 조정해서 빵 사는데 좀 쾌적했으면 … 암튼 안에 전쟁난줄 알았어요 ㅎㅎ,점심에 방문,예약 없이 이용,30분 이상
4.5,2026년 4월 22일 수요일,"엄청 많은 사람이 모여있는 곳이 바로 성심당이었어요ㅎ 그렇게 손님이 많은데 친절한 곳이 많지 않은데...여긴 친절해요^^ 맛이 특별하다기 보다는 속이 좀 편해요~ 샌드위치정거장에서 사서 문화원가서 먹었어요. 새우아보카도는 빵이 너무 질기고 카프레제는 너무 딱딱해서 입안에 상처가ㅜㅜ근데 속재료는 신선하고 치즈도 맛있음^^ 샌드위치는 애플브리치즈샌드위치가 젤 맛있었고,빵은 무화과 그늘아래가 담백하고 맛있네요^^",점심에 방문,예약 없이 이용,바로 입장
5,2026년 4월 21일 화요일,성심당 최애빵 단팥빵 야채고로케 옥수수콘빵!! 오늘도 느므 맛있네요 70년 진심이 느껴지는 정성스런 맛! 오늘도 정성에 감사해요 번창하세요,점심에 방문,예약 없이 이용,바로 입장
4.5,2026년 4월 21일 화요일,창원에서 성심당까지 빵 사러갔어요.최애 부추빵과 작은메아리..다 맛있어요,점심에 방문,예약 없이 이용,바로 입장
5,2026년 4월 21일 화요일,"오늘은 크림 없는 빵 위주로 사봤다.최애 빵인 명란바게트, 소금빵 + 튀소구마, 작은메아리, 심버터 라우겐, 올리브 치아바타, 햄치즈 크로와상명란바게트는 명란 많이 들어있고 은근 매콤함이 올라와 맛있다. 소금빵은 오늘 유독 더 바닥이 바삭!하고 빵 안은 촉촉 짭짤했다. 작은메아리는 달달하고 버터향이 많이 난다. 작은메아리인데도 꽤나 큰 편! 올리브치아바타는 그린올리브와 블랙올리브가 섞여있고, 햄치즈 크로와상은 야채없이 딱 햄,치즈만 있는데 낫배드였으나 다음엔 굳이 안살듯? 은근 기름진 편!튀소구마는 적당히 달달한 고구마 앙금이 맛있었당심버터 라우겐은 담백한 빵에 고소한 버터 조합! 맛도리였다👍화요일 오후 2시쯤 방문했는데 줄은 그닥 길지 않았음! 허나 부추빵 매진... ㅜㅜ..",점심에 방문,예약 없이 이용,10분 이내
4,2026년 4월 21일 화요일,잠시 줄은 섰지만 금방 대기는 빠져서 입장했어요.빵고를땐  줄서고 이런건 없고 편하게 골라담으면되더라구요. 계산대도 많아서 결제도 오래안걸려요.취향껏 담아서 맛나게 먹음 될것같아요!,점심에 방문,예약 없이 이용,10분 이내
5,2026년 4월 21일 화요일,"처음가본 성심당이라 내부촬영은 빵고르고 구경하느라 놓쳤네요…! 평일은 웨이팅 그리길지않아 3번 방문했어요 ㅎㅎㅎ왜성심당성심당하는지 알아가는 하루였어요 일단 가성비좋고, 종류다양한데 체계적인느낌이 들었어요. 품절되는 빵은 바로바로 채워지니 편리했어요",점심에 방문,예약 없이 이용,10분 이내
5,2026년 4월 21일 화요일,빵 가격이 너무 착하고내용물이 진심이어서 놀랬고자주가고싶어요.,점심에 방문,예약 없이 이용,10분 이내
5,2026년 4월 20일 월요일,성심당 단팥빵 고로케는 사랑입니다 제 최애빵이예요 진심과 정성이 느껴져요 자주 가는 대전 맛집이예요,저녁에 방문,예약 없이 이용,바로 입장
5,2026년 4월 20일 월요일,넘맛나요,점심에 방문,예약 후 이용,30분 이상
5,2026년 4월 20일 월요일,성심당 샌드위치 정말 좋아하는데요~맛은 말할것도 없이 너무 맛있고!! 항상 신선한 재료와 알찬재료들을 아낌없이 넣어주는  퀄리티가 상당합니다!!이 가격에 양과 맛이 말이 되나? 싶을정도로 저렴하고요 성심당 샌드위치 먹다가 다른 프차 샌드위치 못먹을 정도에요!!,점심에 방문,예약 없이 이용,바로 입장
5,2026년 4월 20일 월요일,본점가면  꼭사오는 키다리맘모스맛도 좋고 가성비 갑입니다역시 성심당 입니다,점심에 방문,예약 없이 이용,바로 입장
0.5,2026년 4월 19일 일요일,항상가지만 직원들이별로에요  빵은그냥저냥 유명하다니까 남들먹어보는거 나도먹자,저녁에 방문,예약 없이 이용,30분 이상
5,2026년 4월 19일 일요일,"줄이넘 길었지만 , 대전 간김에 방문 옷 잃어버렸는데 직원 덕에 찾음 여직원 굿 , 밖에서 줄 통제하는 분",점심에 방문,,
5,2026년 4월 19일 일요일,빵 가격 좋고 맛있어요 흥하세요,점심에 방문,예약 없이 이용,바로 입장
4,2026년 4월 19일 일요일,오키도키슈 무게 차이 좀 안나게 해주세요 ㅡㅡ;;;,점심에 방문,예약 없이 이용,10분 이내
5,2026년 4월 19일 일요일,제일 좋아하는 튀김소보루와 선물로 주려고 빵 많이 샀어요.언제나 맛있고 좋아요.,점심에 방문,예약 없이 이용,30분 이내
5,2026년 4월 19일 일요일,식사빵 사러 옵니다 쟁여둘거까지 낭낭히 사도 저렴해서 좋아요 짱!,점심에 방문,예약 없이 이용,30분 이내
5,2026년 4월 19일 일요일,사람들이 성심당 성심당 하는 이유를 알 것 같아요! 일단 빵 가격 저렴하고요. 저렴한데 맛까지 좋고 종류도 많은데 다 맛있으면 말해 뭐해 입아퍼네요.,점심에 방문,예약 없이 이용,30분 이내
